domain,problem,problem_size,compiled,run,time,n_landmarks,extract_type
Logistics_FirstQ,1,15,FALSE,1,3.250458851,26,forward
Logistics_FirstQ,1,15,FALSE,2,0.002988285,26,forward
Logistics_FirstQ,1,15,FALSE,3,0.002984842,26,forward
Logistics_FirstQ,1,15,FALSE,1,2.204644071,45,backward
Logistics_FirstQ,1,15,FALSE,2,0.005738581,45,backward
Logistics_FirstQ,1,15,FALSE,3,0.006205206,45,backward
Logistics_FirstQ,1,15,FALSE,1,0.177300028,26,noncausal
Logistics_FirstQ,1,15,FALSE,2,0.006686283,26,noncausal
Logistics_FirstQ,1,15,FALSE,3,0.00680702,26,noncausal
Logistics_FirstQ,1,15,TRUE,1,1.516255772,26,forward
Logistics_FirstQ,1,15,TRUE,2,0.00289919,26,forward
Logistics_FirstQ,1,15,TRUE,3,0.002750601,26,forward
Logistics_FirstQ,1,15,TRUE,4,0.002957694,26,forward
Logistics_FirstQ,1,15,TRUE,1,0.152733976,45,backward
Logistics_FirstQ,1,15,TRUE,2,0.005544914,45,backward
Logistics_FirstQ,1,15,TRUE,3,0.00556442,45,backward
Logistics_FirstQ,1,15,TRUE,4,0.005719065,45,backward
Logistics_FirstQ,1,15,TRUE,1,0.038633475,26,noncausal
Logistics_FirstQ,1,15,TRUE,2,0.007461039,26,noncausal
Logistics_FirstQ,1,15,TRUE,3,0.007497821,26,noncausal
Logistics_FirstQ,1,15,TRUE,4,0.007347533,26,noncausal
Logistics_FirstQ,2,15,FALSE,1,0.002650988,24,forward
Logistics_FirstQ,2,15,FALSE,2,0.002771978,24,forward
Logistics_FirstQ,2,15,FALSE,3,0.002928785,24,forward
Logistics_FirstQ,2,15,FALSE,1,0.005410303,41,backward
Logistics_FirstQ,2,15,FALSE,2,0.005417527,41,backward
Logistics_FirstQ,2,15,FALSE,3,0.005611699,41,backward
Logistics_FirstQ,2,15,FALSE,1,0.00710213,24,noncausal
Logistics_FirstQ,2,15,FALSE,2,0.006930909,24,noncausal
Logistics_FirstQ,2,15,FALSE,3,0.006970087,24,noncausal
Logistics_FirstQ,2,15,TRUE,1,1.445919479,24,forward
Logistics_FirstQ,2,15,TRUE,2,0.002904254,24,forward
Logistics_FirstQ,2,15,TRUE,3,0.002838871,24,forward
Logistics_FirstQ,2,15,TRUE,4,0.002802512,24,forward
Logistics_FirstQ,2,15,TRUE,1,0.115007747,41,backward
Logistics_FirstQ,2,15,TRUE,2,0.005420415,41,backward
Logistics_FirstQ,2,15,TRUE,3,0.005502943,41,backward
Logistics_FirstQ,2,15,TRUE,4,0.005461133,41,backward
Logistics_FirstQ,2,15,TRUE,1,0.03618777,24,noncausal
Logistics_FirstQ,2,15,TRUE,2,0.007124392,24,noncausal
Logistics_FirstQ,2,15,TRUE,3,0.007060475,24,noncausal
Logistics_FirstQ,2,15,TRUE,4,0.007159874,24,noncausal
Logistics_FirstQ,3,15,FALSE,1,0.002670457,20,forward
Logistics_FirstQ,3,15,FALSE,2,0.002949408,20,forward
Logistics_FirstQ,3,15,FALSE,3,0.002958141,20,forward
Logistics_FirstQ,3,15,FALSE,1,0.005373228,33,backward
Logistics_FirstQ,3,15,FALSE,2,0.005875504,33,backward
Logistics_FirstQ,3,15,FALSE,3,0.005468855,33,backward
Logistics_FirstQ,3,15,FALSE,1,0.005878695,20,noncausal
Logistics_FirstQ,3,15,FALSE,2,0.005901938,20,noncausal
Logistics_FirstQ,3,15,FALSE,3,0.005971178,20,noncausal
Logistics_FirstQ,3,15,TRUE,1,1.46619189,20,forward
Logistics_FirstQ,3,15,TRUE,2,0.002923713,20,forward
Logistics_FirstQ,3,15,TRUE,3,0.002850466,20,forward
Logistics_FirstQ,3,15,TRUE,4,0.002760601,20,forward
Logistics_FirstQ,3,15,TRUE,1,0.115758348,33,backward
Logistics_FirstQ,3,15,TRUE,2,0.005271016,33,backward
Logistics_FirstQ,3,15,TRUE,3,0.005332819,33,backward
Logistics_FirstQ,3,15,TRUE,4,0.005295935,33,backward
Logistics_FirstQ,3,15,TRUE,1,0.035555287,20,noncausal
Logistics_FirstQ,3,15,TRUE,2,0.006281315,20,noncausal
Logistics_FirstQ,3,15,TRUE,3,0.006556543,20,noncausal
Logistics_FirstQ,3,15,TRUE,4,0.006494524,20,noncausal
Logistics_FirstQ,4,15,FALSE,1,0.002694448,33,forward
Logistics_FirstQ,4,15,FALSE,2,0.002780525,33,forward
Logistics_FirstQ,4,15,FALSE,3,0.002956986,33,forward
Logistics_FirstQ,4,15,FALSE,1,0.006762649,58,backward
Logistics_FirstQ,4,15,FALSE,2,0.006936385,58,backward
Logistics_FirstQ,4,15,FALSE,3,0.006896828,58,backward
Logistics_FirstQ,4,15,FALSE,1,0.007918074,33,noncausal
Logistics_FirstQ,4,15,FALSE,2,0.007861499,33,noncausal
Logistics_FirstQ,4,15,FALSE,3,0.007795705,33,noncausal
Logistics_FirstQ,4,15,TRUE,1,1.465745456,33,forward
Logistics_FirstQ,4,15,TRUE,2,0.002956529,33,forward
Logistics_FirstQ,4,15,TRUE,3,0.003053294,33,forward
Logistics_FirstQ,4,15,TRUE,4,0.002980636,33,forward
Logistics_FirstQ,4,15,TRUE,1,0.117662802,58,backward
Logistics_FirstQ,4,15,TRUE,2,0.006852342,58,backward
Logistics_FirstQ,4,15,TRUE,3,0.006800889,58,backward
Logistics_FirstQ,4,15,TRUE,4,0.006667461,58,backward
Logistics_FirstQ,4,15,TRUE,1,0.038395329,33,noncausal
Logistics_FirstQ,4,15,TRUE,2,0.007784581,33,noncausal
Logistics_FirstQ,4,15,TRUE,3,0.007783444,33,noncausal
Logistics_FirstQ,4,15,TRUE,4,0.007793059,33,noncausal
Logistics_FirstQ,5,15,FALSE,1,0.00268565,23,forward
Logistics_FirstQ,5,15,FALSE,2,0.002835604,23,forward
Logistics_FirstQ,5,15,FALSE,3,0.003077212,23,forward
Logistics_FirstQ,5,15,FALSE,1,0.005384287,38,backward
Logistics_FirstQ,5,15,FALSE,2,0.005409205,38,backward
Logistics_FirstQ,5,15,FALSE,3,0.005401338,38,backward
Logistics_FirstQ,5,15,FALSE,1,0.006573886,23,noncausal
Logistics_FirstQ,5,15,FALSE,2,0.006432328,23,noncausal
Logistics_FirstQ,5,15,FALSE,3,0.006235379,23,noncausal
Logistics_FirstQ,5,15,TRUE,1,1.446043748,23,forward
Logistics_FirstQ,5,15,TRUE,2,0.003033883,23,forward
Logistics_FirstQ,5,15,TRUE,3,0.0030293,23,forward
Logistics_FirstQ,5,15,TRUE,4,0.002957907,23,forward
Logistics_FirstQ,5,15,TRUE,1,0.115795865,38,backward
Logistics_FirstQ,5,15,TRUE,2,0.005302058,38,backward
Logistics_FirstQ,5,15,TRUE,3,0.005448112,38,backward
Logistics_FirstQ,5,15,TRUE,4,0.005424609,38,backward
Logistics_FirstQ,5,15,TRUE,1,0.036299942,23,noncausal
Logistics_FirstQ,5,15,TRUE,2,0.006300544,23,noncausal
Logistics_FirstQ,5,15,TRUE,3,0.006297555,23,noncausal
Logistics_FirstQ,5,15,TRUE,4,0.006350417,23,noncausal
Logistics_FirstQ,6,15,FALSE,1,0.002646336,15,forward
Logistics_FirstQ,6,15,FALSE,2,0.002771426,15,forward
Logistics_FirstQ,6,15,FALSE,3,0.003035208,15,forward
Logistics_FirstQ,6,15,FALSE,1,0.004584397,23,backward
Logistics_FirstQ,6,15,FALSE,2,0.004655136,23,backward
Logistics_FirstQ,6,15,FALSE,3,0.004722834,23,backward
Logistics_FirstQ,6,15,FALSE,1,0.005221567,15,noncausal
Logistics_FirstQ,6,15,FALSE,2,0.005008624,15,noncausal
Logistics_FirstQ,6,15,FALSE,3,0.004875407,15,noncausal
Logistics_FirstQ,6,15,TRUE,1,1.446730514,15,forward
Logistics_FirstQ,6,15,TRUE,2,0.003051108,15,forward
Logistics_FirstQ,6,15,TRUE,3,0.002777135,15,forward
Logistics_FirstQ,6,15,TRUE,4,0.002826967,15,forward
Logistics_FirstQ,6,15,TRUE,1,0.114752312,23,backward
Logistics_FirstQ,6,15,TRUE,2,0.004496861,23,backward
Logistics_FirstQ,6,15,TRUE,3,0.004636332,23,backward
Logistics_FirstQ,6,15,TRUE,4,0.004467248,23,backward
Logistics_FirstQ,6,15,TRUE,1,0.034412885,15,noncausal
Logistics_FirstQ,6,15,TRUE,2,0.005146842,15,noncausal
Logistics_FirstQ,6,15,TRUE,3,0.005040292,15,noncausal
Logistics_FirstQ,6,15,TRUE,4,0.005054233,15,noncausal
Logistics_FirstQ,7,15,FALSE,1,0.002740104,32,forward
Logistics_FirstQ,7,15,FALSE,2,0.002891952,32,forward
Logistics_FirstQ,7,15,FALSE,3,0.00300523,32,forward
Logistics_FirstQ,7,15,FALSE,1,0.006182766,55,backward
Logistics_FirstQ,7,15,FALSE,2,0.00638095,55,backward
Logistics_FirstQ,7,15,FALSE,3,0.006392194,55,backward
Logistics_FirstQ,7,15,FALSE,1,0.007597899,32,noncausal
Logistics_FirstQ,7,15,FALSE,2,0.008425365,32,noncausal
Logistics_FirstQ,7,15,FALSE,3,0.00839452,32,noncausal
Logistics_FirstQ,7,15,TRUE,1,1.445347313,32,forward
Logistics_FirstQ,7,15,TRUE,2,0.002963009,32,forward
Logistics_FirstQ,7,15,TRUE,3,0.002886927,32,forward
Logistics_FirstQ,7,15,TRUE,4,0.002891533,32,forward
Logistics_FirstQ,7,15,TRUE,1,0.116515225,55,backward
Logistics_FirstQ,7,15,TRUE,2,0.006320418,55,backward
Logistics_FirstQ,7,15,TRUE,3,0.006314417,55,backward
Logistics_FirstQ,7,15,TRUE,4,0.006204924,55,backward
Logistics_FirstQ,7,15,TRUE,1,0.036866717,32,noncausal
Logistics_FirstQ,7,15,TRUE,2,0.007455852,32,noncausal
Logistics_FirstQ,7,15,TRUE,3,0.007343574,32,noncausal
Logistics_FirstQ,7,15,TRUE,4,0.007515337,32,noncausal
Logistics_FirstQ,8,15,FALSE,1,0.002700825,22,forward
Logistics_FirstQ,8,15,FALSE,2,0.002776488,22,forward
Logistics_FirstQ,8,15,FALSE,3,0.003067061,22,forward
Logistics_FirstQ,8,15,FALSE,1,0.00536863,35,backward
Logistics_FirstQ,8,15,FALSE,2,0.005280717,35,backward
Logistics_FirstQ,8,15,FALSE,3,0.005443644,35,backward
Logistics_FirstQ,8,15,FALSE,1,0.005823038,22,noncausal
Logistics_FirstQ,8,15,FALSE,2,0.005848599,22,noncausal
Logistics_FirstQ,8,15,FALSE,3,0.006065113,22,noncausal
Logistics_FirstQ,8,15,TRUE,1,1.444249514,22,forward
Logistics_FirstQ,8,15,TRUE,2,0.00305589,22,forward
Logistics_FirstQ,8,15,TRUE,3,0.002914658,22,forward
Logistics_FirstQ,8,15,TRUE,4,0.002913978,22,forward
Logistics_FirstQ,8,15,TRUE,1,0.115295271,35,backward
Logistics_FirstQ,8,15,TRUE,2,0.005144596,35,backward
Logistics_FirstQ,8,15,TRUE,3,0.005155784,35,backward
Logistics_FirstQ,8,15,TRUE,4,0.005123869,35,backward
Logistics_FirstQ,8,15,TRUE,1,0.035245877,22,noncausal
Logistics_FirstQ,8,15,TRUE,2,0.005808555,22,noncausal
Logistics_FirstQ,8,15,TRUE,3,0.005856489,22,noncausal
Logistics_FirstQ,8,15,TRUE,4,0.005927746,22,noncausal
Logistics_FirstQ,9,15,FALSE,1,0.00271343,32,forward
Logistics_FirstQ,9,15,FALSE,2,0.002838102,32,forward
Logistics_FirstQ,9,15,FALSE,3,0.003059086,32,forward
Logistics_FirstQ,9,15,FALSE,1,0.006363735,55,backward
Logistics_FirstQ,9,15,FALSE,2,0.006457849,55,backward
Logistics_FirstQ,9,15,FALSE,3,0.006287641,55,backward
Logistics_FirstQ,9,15,FALSE,1,0.007683902,32,noncausal
Logistics_FirstQ,9,15,FALSE,2,0.00842863,32,noncausal
Logistics_FirstQ,9,15,FALSE,3,0.008445225,32,noncausal
Logistics_FirstQ,9,15,TRUE,1,1.441050038,32,forward
Logistics_FirstQ,9,15,TRUE,2,0.003071895,32,forward
Logistics_FirstQ,9,15,TRUE,3,0.00288758,32,forward
Logistics_FirstQ,9,15,TRUE,4,0.002977016,32,forward
Logistics_FirstQ,9,15,TRUE,1,0.115367223,55,backward
Logistics_FirstQ,9,15,TRUE,2,0.006221078,55,backward
Logistics_FirstQ,9,15,TRUE,3,0.006357718,55,backward
Logistics_FirstQ,9,15,TRUE,4,0.006162951,55,backward
Logistics_FirstQ,9,15,TRUE,1,0.037087405,32,noncausal
Logistics_FirstQ,9,15,TRUE,2,0.0075212,32,noncausal
Logistics_FirstQ,9,15,TRUE,3,0.007550772,32,noncausal
Logistics_FirstQ,9,15,TRUE,4,0.007519977,32,noncausal
Logistics_FirstQ,10,15,FALSE,1,0.002763839,30,forward
Logistics_FirstQ,10,15,FALSE,2,0.002776621,30,forward
Logistics_FirstQ,10,15,FALSE,3,0.003091167,30,forward
Logistics_FirstQ,10,15,FALSE,1,0.006195172,51,backward
Logistics_FirstQ,10,15,FALSE,2,0.006167216,51,backward
Logistics_FirstQ,10,15,FALSE,3,0.006176116,51,backward
Logistics_FirstQ,10,15,FALSE,1,0.007494812,30,noncausal
Logistics_FirstQ,10,15,FALSE,2,0.008043896,30,noncausal
Logistics_FirstQ,10,15,FALSE,3,0.00817059,30,noncausal
Logistics_FirstQ,10,15,TRUE,1,1.440283156,30,forward
Logistics_FirstQ,10,15,TRUE,2,0.003296759,30,forward
Logistics_FirstQ,10,15,TRUE,3,0.002952205,30,forward
Logistics_FirstQ,10,15,TRUE,4,0.002907257,30,forward
Logistics_FirstQ,10,15,TRUE,1,0.115377466,51,backward
Logistics_FirstQ,10,15,TRUE,2,0.006199881,51,backward
Logistics_FirstQ,10,15,TRUE,3,0.005989395,51,backward
Logistics_FirstQ,10,15,TRUE,4,0.006084044,51,backward
Logistics_FirstQ,10,15,TRUE,1,0.036671598,30,noncausal
Logistics_FirstQ,10,15,TRUE,2,0.007934978,30,noncausal
Logistics_FirstQ,10,15,TRUE,3,0.008207829,30,noncausal
Logistics_FirstQ,10,15,TRUE,4,0.007932543,30,noncausal
Logistics_FirstQ,11,22,FALSE,1,0.959994673,44,forward
Logistics_FirstQ,11,22,FALSE,2,0.007787835,44,forward
Logistics_FirstQ,11,22,FALSE,3,0.007983543,44,forward
Logistics_FirstQ,11,22,FALSE,1,0.0185847,77,backward
Logistics_FirstQ,11,22,FALSE,2,0.018475646,77,backward
Logistics_FirstQ,11,22,FALSE,3,0.018736737,77,backward
Logistics_FirstQ,11,22,FALSE,1,0.026858074,44,noncausal
Logistics_FirstQ,11,22,FALSE,2,0.02649779,44,noncausal
Logistics_FirstQ,11,22,FALSE,3,0.026761573,44,noncausal
Logistics_FirstQ,11,22,TRUE,1,1.515791085,44,forward
Logistics_FirstQ,11,22,TRUE,2,0.007744395,44,forward
Logistics_FirstQ,11,22,TRUE,3,0.008088193,44,forward
Logistics_FirstQ,11,22,TRUE,4,0.007741777,44,forward
Logistics_FirstQ,11,22,TRUE,1,0.072883248,77,backward
Logistics_FirstQ,11,22,TRUE,2,0.018823224,77,backward
Logistics_FirstQ,11,22,TRUE,3,0.018693024,77,backward
Logistics_FirstQ,11,22,TRUE,4,0.018650146,77,backward
Logistics_FirstQ,11,22,TRUE,1,0.056799012,44,noncausal
Logistics_FirstQ,11,22,TRUE,2,0.026586325,44,noncausal
Logistics_FirstQ,11,22,TRUE,3,0.026763177,44,noncausal
Logistics_FirstQ,11,22,TRUE,4,0.026478072,44,noncausal
Logistics_FirstQ,12,22,FALSE,1,0.007675078,50,forward
Logistics_FirstQ,12,22,FALSE,2,0.007567282,50,forward
Logistics_FirstQ,12,22,FALSE,3,0.00789491,50,forward
Logistics_FirstQ,12,22,FALSE,1,0.020255605,89,backward
Logistics_FirstQ,12,22,FALSE,2,0.020503014,89,backward
Logistics_FirstQ,12,22,FALSE,3,0.020208346,89,backward
Logistics_FirstQ,12,22,FALSE,1,0.03015226,50,noncausal
Logistics_FirstQ,12,22,FALSE,2,0.030653174,50,noncausal
Logistics_FirstQ,12,22,FALSE,3,0.030990544,50,noncausal
Logistics_FirstQ,12,22,TRUE,1,1.522613789,50,forward
Logistics_FirstQ,12,22,TRUE,2,0.007875994,50,forward
Logistics_FirstQ,12,22,TRUE,3,0.007813285,50,forward
Logistics_FirstQ,12,22,TRUE,4,0.007779364,50,forward
Logistics_FirstQ,12,22,TRUE,1,0.075368392,89,backward
Logistics_FirstQ,12,22,TRUE,2,0.020370195,89,backward
Logistics_FirstQ,12,22,TRUE,3,0.020172987,89,backward
Logistics_FirstQ,12,22,TRUE,4,0.020303323,89,backward
Logistics_FirstQ,12,22,TRUE,1,0.060233718,50,noncausal
Logistics_FirstQ,12,22,TRUE,2,0.030320319,50,noncausal
Logistics_FirstQ,12,22,TRUE,3,0.030807375,50,noncausal
Logistics_FirstQ,12,22,TRUE,4,0.030642546,50,noncausal
Logistics_FirstQ,13,22,FALSE,1,0.02094046,41,forward
Logistics_FirstQ,13,22,FALSE,2,0.007960944,41,forward
Logistics_FirstQ,13,22,FALSE,3,0.007902264,41,forward
Logistics_FirstQ,13,22,FALSE,1,0.017852338,70,backward
Logistics_FirstQ,13,22,FALSE,2,0.017846717,70,backward
Logistics_FirstQ,13,22,FALSE,3,0.017810056,70,backward
Logistics_FirstQ,13,22,FALSE,1,0.025536643,41,noncausal
Logistics_FirstQ,13,22,FALSE,2,0.02473063,41,noncausal
Logistics_FirstQ,13,22,FALSE,3,0.025404488,41,noncausal
Logistics_FirstQ,13,22,TRUE,1,1.517371318,41,forward
Logistics_FirstQ,13,22,TRUE,2,0.007690548,41,forward
Logistics_FirstQ,13,22,TRUE,3,0.007743966,41,forward
Logistics_FirstQ,13,22,TRUE,4,0.007906938,41,forward
Logistics_FirstQ,13,22,TRUE,1,0.073172197,70,backward
Logistics_FirstQ,13,22,TRUE,2,0.017847616,70,backward
Logistics_FirstQ,13,22,TRUE,3,0.017872235,70,backward
Logistics_FirstQ,13,22,TRUE,4,0.017802521,70,backward
Logistics_FirstQ,13,22,TRUE,1,0.055055512,41,noncausal
Logistics_FirstQ,13,22,TRUE,2,0.024486967,41,noncausal
Logistics_FirstQ,13,22,TRUE,3,0.024739219,41,noncausal
Logistics_FirstQ,13,22,TRUE,4,0.024776,41,noncausal
Logistics_FirstQ,14,22,FALSE,1,0.007616193,53,forward
Logistics_FirstQ,14,22,FALSE,2,0.007743846,53,forward
Logistics_FirstQ,14,22,FALSE,3,0.007842864,53,forward
Logistics_FirstQ,14,22,FALSE,1,0.020762479,94,backward
Logistics_FirstQ,14,22,FALSE,2,0.020913717,94,backward
Logistics_FirstQ,14,22,FALSE,3,0.020883289,94,backward
Logistics_FirstQ,14,22,FALSE,1,0.031271643,53,noncausal
Logistics_FirstQ,14,22,FALSE,2,0.031369729,53,noncausal
Logistics_FirstQ,14,22,FALSE,3,0.031395607,53,noncausal
Logistics_FirstQ,14,22,TRUE,1,1.630581276,53,forward
Logistics_FirstQ,14,22,TRUE,2,0.007757347,53,forward
Logistics_FirstQ,14,22,TRUE,3,0.007833549,53,forward
Logistics_FirstQ,14,22,TRUE,4,0.007808563,53,forward
Logistics_FirstQ,14,22,TRUE,1,0.075479092,94,backward
Logistics_FirstQ,14,22,TRUE,2,0.020665952,94,backward
Logistics_FirstQ,14,22,TRUE,3,0.020691002,94,backward
Logistics_FirstQ,14,22,TRUE,4,0.020814888,94,backward
Logistics_FirstQ,14,22,TRUE,1,0.061555827,53,noncausal
Logistics_FirstQ,14,22,TRUE,2,0.031223103,53,noncausal
Logistics_FirstQ,14,22,TRUE,3,0.031396197,53,noncausal
Logistics_FirstQ,14,22,TRUE,4,0.031533353,53,noncausal
Logistics_FirstQ,15,22,FALSE,1,0.007608314,46,forward
Logistics_FirstQ,15,22,FALSE,2,0.007703251,46,forward
Logistics_FirstQ,15,22,FALSE,3,0.007803414,46,forward
Logistics_FirstQ,15,22,FALSE,1,0.019243764,79,backward
Logistics_FirstQ,15,22,FALSE,2,0.02280967,79,backward
Logistics_FirstQ,15,22,FALSE,3,0.018770499,79,backward
Logistics_FirstQ,15,22,FALSE,1,0.027289246,46,noncausal
Logistics_FirstQ,15,22,FALSE,2,0.026593529,46,noncausal
Logistics_FirstQ,15,22,FALSE,3,0.026606827,46,noncausal
Logistics_FirstQ,15,22,TRUE,1,1.530426875,46,forward
Logistics_FirstQ,15,22,TRUE,2,0.007641062,46,forward
Logistics_FirstQ,15,22,TRUE,3,0.007846196,46,forward
Logistics_FirstQ,15,22,TRUE,4,0.007802488,46,forward
Logistics_FirstQ,15,22,TRUE,1,0.073728726,79,backward
Logistics_FirstQ,15,22,TRUE,2,0.019128134,79,backward
Logistics_FirstQ,15,22,TRUE,3,0.018746524,79,backward
Logistics_FirstQ,15,22,TRUE,4,0.018807159,79,backward
Logistics_FirstQ,15,22,TRUE,1,0.057738672,46,noncausal
Logistics_FirstQ,15,22,TRUE,2,0.027558673,46,noncausal
Logistics_FirstQ,15,22,TRUE,3,0.027830847,46,noncausal
Logistics_FirstQ,15,22,TRUE,4,0.027726741,46,noncausal
Logistics_FirstQ,16,22,FALSE,1,0.021333832,42,forward
Logistics_FirstQ,16,22,FALSE,2,0.007977212,42,forward
Logistics_FirstQ,16,22,FALSE,3,0.007999485,42,forward
Logistics_FirstQ,16,22,FALSE,1,0.018317548,71,backward
Logistics_FirstQ,16,22,FALSE,2,0.018147804,71,backward
Logistics_FirstQ,16,22,FALSE,3,0.018042799,71,backward
Logistics_FirstQ,16,22,FALSE,1,0.025794756,42,noncausal
Logistics_FirstQ,16,22,FALSE,2,0.025844021,42,noncausal
Logistics_FirstQ,16,22,FALSE,3,0.025840187,42,noncausal
Logistics_FirstQ,16,22,TRUE,1,1.559947066,42,forward
Logistics_FirstQ,16,22,TRUE,2,0.007843065,42,forward
Logistics_FirstQ,16,22,TRUE,3,0.007912601,42,forward
Logistics_FirstQ,16,22,TRUE,4,0.008035922,42,forward
Logistics_FirstQ,16,22,TRUE,1,0.072372951,71,backward
Logistics_FirstQ,16,22,TRUE,2,0.017788702,71,backward
Logistics_FirstQ,16,22,TRUE,3,0.017992061,71,backward
Logistics_FirstQ,16,22,TRUE,4,0.017813571,71,backward
Logistics_FirstQ,16,22,TRUE,1,0.061232957,42,noncausal
Logistics_FirstQ,16,22,TRUE,2,0.024789788,42,noncausal
Logistics_FirstQ,16,22,TRUE,3,0.024562125,42,noncausal
Logistics_FirstQ,16,22,TRUE,4,0.025147673,42,noncausal
Logistics_FirstQ,17,29,FALSE,1,0.015848927,56,forward
Logistics_FirstQ,17,29,FALSE,2,0.015495207,56,forward
Logistics_FirstQ,17,29,FALSE,3,0.015626981,56,forward
Logistics_FirstQ,17,29,FALSE,1,0.042074672,97,backward
Logistics_FirstQ,17,29,FALSE,2,0.042061549,97,backward
Logistics_FirstQ,17,29,FALSE,3,0.042371661,97,backward
Logistics_FirstQ,17,29,FALSE,1,0.077943161,56,noncausal
Logistics_FirstQ,17,29,FALSE,2,0.079986847,56,noncausal
Logistics_FirstQ,17,29,FALSE,3,0.080191783,56,noncausal
Logistics_FirstQ,17,29,TRUE,1,1.575302243,56,forward
Logistics_FirstQ,17,29,TRUE,2,0.015267767,56,forward
Logistics_FirstQ,17,29,TRUE,3,0.015812517,56,forward
Logistics_FirstQ,17,29,TRUE,4,0.015671283,56,forward
Logistics_FirstQ,17,29,TRUE,1,0.098932789,97,backward
Logistics_FirstQ,17,29,TRUE,2,0.042303257,97,backward
Logistics_FirstQ,17,29,TRUE,3,0.041991188,97,backward
Logistics_FirstQ,17,29,TRUE,4,0.042197518,97,backward
Logistics_FirstQ,17,29,TRUE,1,0.112503715,56,noncausal
Logistics_FirstQ,17,29,TRUE,2,0.08026219,56,noncausal
Logistics_FirstQ,17,29,TRUE,3,0.080032021,56,noncausal
Logistics_FirstQ,17,29,TRUE,4,0.080023068,56,noncausal
Logistics_FirstQ,18,29,FALSE,1,0.029899642,54,forward
Logistics_FirstQ,18,29,FALSE,2,0.015610889,54,forward
Logistics_FirstQ,18,29,FALSE,3,0.015860705,54,forward
Logistics_FirstQ,18,29,FALSE,1,0.042389698,93,backward
Logistics_FirstQ,18,29,FALSE,2,0.041337436,93,backward
Logistics_FirstQ,18,29,FALSE,3,0.04142822,93,backward
Logistics_FirstQ,18,29,FALSE,1,0.069514652,54,noncausal
Logistics_FirstQ,18,29,FALSE,2,0.069849474,54,noncausal
Logistics_FirstQ,18,29,FALSE,3,0.070253748,54,noncausal
Logistics_FirstQ,18,29,TRUE,1,1.535115565,54,forward
Logistics_FirstQ,18,29,TRUE,2,0.015123014,54,forward
Logistics_FirstQ,18,29,TRUE,3,0.015692256,54,forward
Logistics_FirstQ,18,29,TRUE,4,0.015594341,54,forward
Logistics_FirstQ,18,29,TRUE,1,0.097807113,93,backward
Logistics_FirstQ,18,29,TRUE,2,0.041164399,93,backward
Logistics_FirstQ,18,29,TRUE,3,0.041014855,93,backward
Logistics_FirstQ,18,29,TRUE,4,0.041314001,93,backward
Logistics_FirstQ,18,29,TRUE,1,0.110957322,54,noncausal
Logistics_FirstQ,18,29,TRUE,2,0.070400417,54,noncausal
Logistics_FirstQ,18,29,TRUE,3,0.07002538,54,noncausal
Logistics_FirstQ,18,29,TRUE,4,0.069881937,54,noncausal
Logistics_FirstQ,19,29,FALSE,1,0.029365363,15,forward
Logistics_FirstQ,19,29,FALSE,2,0.015250058,15,forward
Logistics_FirstQ,19,29,FALSE,3,0.015632995,15,forward
Logistics_FirstQ,19,29,FALSE,1,0.027151753,18,backward
Logistics_FirstQ,19,29,FALSE,2,0.026983523,18,backward
Logistics_FirstQ,19,29,FALSE,3,0.027496643,18,backward
Logistics_FirstQ,19,29,FALSE,1,0.02214474,15,noncausal
Logistics_FirstQ,19,29,FALSE,2,0.022029424,15,noncausal
Logistics_FirstQ,19,29,FALSE,3,0.021911739,15,noncausal
Logistics_FirstQ,19,29,TRUE,1,1.537775945,15,forward
Logistics_FirstQ,19,29,TRUE,2,0.014830584,15,forward
Logistics_FirstQ,19,29,TRUE,3,0.015236586,15,forward
Logistics_FirstQ,19,29,TRUE,4,0.015239206,15,forward
Logistics_FirstQ,19,29,TRUE,1,0.082634641,18,backward
Logistics_FirstQ,19,29,TRUE,2,0.027208692,18,backward
Logistics_FirstQ,19,29,TRUE,3,0.027221177,18,backward
Logistics_FirstQ,19,29,TRUE,4,0.027369148,18,backward
Logistics_FirstQ,19,29,TRUE,1,0.052000998,15,noncausal
Logistics_FirstQ,19,29,TRUE,2,0.021934133,15,noncausal
Logistics_FirstQ,19,29,TRUE,3,0.021763889,15,noncausal
Logistics_FirstQ,19,29,TRUE,4,0.021905049,15,noncausal
Logistics_FirstQ,20,29,FALSE,1,0.030008085,71,forward
Logistics_FirstQ,20,29,FALSE,2,0.015908016,71,forward
Logistics_FirstQ,20,29,FALSE,3,0.015848042,71,forward
Logistics_FirstQ,20,29,FALSE,1,0.051266119,126,backward
Logistics_FirstQ,20,29,FALSE,2,0.049910319,126,backward
Logistics_FirstQ,20,29,FALSE,3,0.050091987,126,backward
Logistics_FirstQ,20,29,FALSE,1,0.094034265,71,noncausal
Logistics_FirstQ,20,29,FALSE,2,0.097421113,71,noncausal
Logistics_FirstQ,20,29,FALSE,3,0.096267146,71,noncausal
Logistics_FirstQ,20,29,TRUE,1,1.541753461,71,forward
Logistics_FirstQ,20,29,TRUE,2,0.015423333,71,forward
Logistics_FirstQ,20,29,TRUE,3,0.015782583,71,forward
Logistics_FirstQ,20,29,TRUE,4,0.015644672,71,forward
Logistics_FirstQ,20,29,TRUE,1,0.107854185,126,backward
Logistics_FirstQ,20,29,TRUE,2,0.050280433,126,backward
Logistics_FirstQ,20,29,TRUE,3,0.050161453,126,backward
Logistics_FirstQ,20,29,TRUE,4,0.049766853,126,backward
Logistics_FirstQ,20,29,TRUE,1,0.137601688,71,noncausal
Logistics_FirstQ,20,29,TRUE,2,0.103646799,71,noncausal
Logistics_FirstQ,20,29,TRUE,3,0.10282107,71,noncausal
Logistics_FirstQ,20,29,TRUE,4,0.098977664,71,noncausal
Logistics_SecondQ,21,29,FALSE,1,0.016188034,56,forward
Logistics_SecondQ,21,29,FALSE,2,0.016062754,56,forward
Logistics_SecondQ,21,29,FALSE,3,0.015861554,56,forward
Logistics_SecondQ,21,29,FALSE,1,0.042644724,95,backward
Logistics_SecondQ,21,29,FALSE,2,0.041846954,95,backward
Logistics_SecondQ,21,29,FALSE,3,0.041753129,95,backward
Logistics_SecondQ,21,29,FALSE,1,0.070523893,56,noncausal
Logistics_SecondQ,21,29,FALSE,2,0.075676195,56,noncausal
Logistics_SecondQ,21,29,FALSE,3,0.072898107,56,noncausal
Logistics_SecondQ,21,29,TRUE,1,1.538177082,56,forward
Logistics_SecondQ,21,29,TRUE,2,0.015509054,56,forward
Logistics_SecondQ,21,29,TRUE,3,0.015687008,56,forward
Logistics_SecondQ,21,29,TRUE,4,0.01567542,56,forward
Logistics_SecondQ,21,29,TRUE,1,0.098100007,95,backward
Logistics_SecondQ,21,29,TRUE,2,0.041564112,95,backward
Logistics_SecondQ,21,29,TRUE,3,0.041918493,95,backward
Logistics_SecondQ,21,29,TRUE,4,0.041803008,95,backward
Logistics_SecondQ,21,29,TRUE,1,0.111777145,56,noncausal
Logistics_SecondQ,21,29,TRUE,2,0.076256869,56,noncausal
Logistics_SecondQ,21,29,TRUE,3,0.077819768,56,noncausal
Logistics_SecondQ,21,29,TRUE,4,0.070122002,56,noncausal
Logistics_SecondQ,22,29,FALSE,1,0.029651618,80,forward
Logistics_SecondQ,22,29,FALSE,2,0.015924196,80,forward
Logistics_SecondQ,22,29,FALSE,3,0.015984187,80,forward
Logistics_SecondQ,22,29,FALSE,1,0.056375218,143,backward
Logistics_SecondQ,22,29,FALSE,2,0.05742276,143,backward
Logistics_SecondQ,22,29,FALSE,3,0.057472089,143,backward
Logistics_SecondQ,22,29,FALSE,1,0.107294084,80,noncausal
Logistics_SecondQ,22,29,FALSE,2,0.104597527,80,noncausal
Logistics_SecondQ,22,29,FALSE,3,0.105281244,80,noncausal
Logistics_SecondQ,22,29,TRUE,1,1.543737185,80,forward
Logistics_SecondQ,22,29,TRUE,2,0.015731004,80,forward
Logistics_SecondQ,22,29,TRUE,3,0.015840358,80,forward
Logistics_SecondQ,22,29,TRUE,4,0.016211953,80,forward
Logistics_SecondQ,22,29,TRUE,1,0.112697662,143,backward
Logistics_SecondQ,22,29,TRUE,2,0.057652515,143,backward
Logistics_SecondQ,22,29,TRUE,3,0.057518575,143,backward
Logistics_SecondQ,22,29,TRUE,4,0.057189606,143,backward
Logistics_SecondQ,22,29,TRUE,1,0.139799746,80,noncausal
Logistics_SecondQ,22,29,TRUE,2,0.106472908,80,noncausal
Logistics_SecondQ,22,29,TRUE,3,0.107025048,80,noncausal
Logistics_SecondQ,22,29,TRUE,4,0.106228715,80,noncausal
Logistics_SecondQ,23,37,FALSE,1,0.047682453,70,forward
Logistics_SecondQ,23,37,FALSE,2,0.032463804,70,forward
Logistics_SecondQ,23,37,FALSE,3,0.032446755,70,forward
Logistics_SecondQ,23,37,FALSE,1,0.118229188,119,backward
Logistics_SecondQ,23,37,FALSE,2,0.116472116,119,backward
Logistics_SecondQ,23,37,FALSE,3,0.116852542,119,backward
Logistics_SecondQ,23,37,FALSE,1,0.21516542,70,noncausal
Logistics_SecondQ,23,37,FALSE,2,0.215603946,70,noncausal
Logistics_SecondQ,23,37,FALSE,3,0.215289339,70,noncausal
Logistics_SecondQ,23,37,TRUE,1,1.619106543,70,forward
Logistics_SecondQ,23,37,TRUE,2,0.031805013,70,forward
Logistics_SecondQ,23,37,TRUE,3,0.032634983,70,forward
Logistics_SecondQ,23,37,TRUE,4,0.032382387,70,forward
Logistics_SecondQ,23,37,TRUE,1,0.177105959,119,backward
Logistics_SecondQ,23,37,TRUE,2,0.117685879,119,backward
Logistics_SecondQ,23,37,TRUE,3,0.117581802,119,backward
Logistics_SecondQ,23,37,TRUE,4,0.116834532,119,backward
Logistics_SecondQ,23,37,TRUE,1,0.255098991,70,noncausal
Logistics_SecondQ,23,37,TRUE,2,0.216784552,70,noncausal
Logistics_SecondQ,23,37,TRUE,3,0.217143755,70,noncausal
Logistics_SecondQ,23,37,TRUE,4,0.218425934,70,noncausal
Logistics_SecondQ,24,37,FALSE,1,0.046621734,62,forward
Logistics_SecondQ,24,37,FALSE,2,0.032223896,62,forward
Logistics_SecondQ,24,37,FALSE,3,0.032339483,62,forward
Logistics_SecondQ,24,37,FALSE,1,0.11014941,108,backward
Logistics_SecondQ,24,37,FALSE,2,0.110781399,108,backward
Logistics_SecondQ,24,37,FALSE,3,0.11033257,108,backward
Logistics_SecondQ,24,37,FALSE,1,0.196925323,62,noncausal
Logistics_SecondQ,24,37,FALSE,2,0.197290817,62,noncausal
Logistics_SecondQ,24,37,FALSE,3,0.197408214,62,noncausal
Logistics_SecondQ,24,37,TRUE,1,1.574365506,62,forward
Logistics_SecondQ,24,37,TRUE,2,0.031908264,62,forward
Logistics_SecondQ,24,37,TRUE,3,0.032208073,62,forward
Logistics_SecondQ,24,37,TRUE,4,0.032261824,62,forward
Logistics_SecondQ,24,37,TRUE,1,0.170661783,108,backward
Logistics_SecondQ,24,37,TRUE,2,0.10916613,108,backward
Logistics_SecondQ,24,37,TRUE,3,0.110373057,108,backward
Logistics_SecondQ,24,37,TRUE,4,0.110234561,108,backward
Logistics_SecondQ,24,37,TRUE,1,0.236815439,62,noncausal
Logistics_SecondQ,24,37,TRUE,2,0.197181295,62,noncausal
Logistics_SecondQ,24,37,TRUE,3,0.19743964,62,noncausal
Logistics_SecondQ,24,37,TRUE,4,0.19814264,62,noncausal
Logistics_SecondQ,25,37,FALSE,1,0.046823064,62,forward
Logistics_SecondQ,25,37,FALSE,2,0.032661046,62,forward
Logistics_SecondQ,25,37,FALSE,3,0.032432405,62,forward
Logistics_SecondQ,25,37,FALSE,1,0.109193923,107,backward
Logistics_SecondQ,25,37,FALSE,2,0.109510148,107,backward
Logistics_SecondQ,25,37,FALSE,3,0.109134776,107,backward
Logistics_SecondQ,25,37,FALSE,1,0.195471211,62,noncausal
Logistics_SecondQ,25,37,FALSE,2,0.194684494,62,noncausal
Logistics_SecondQ,25,37,FALSE,3,0.194994566,62,noncausal
Logistics_SecondQ,25,37,TRUE,1,1.575302513,62,forward
Logistics_SecondQ,25,37,TRUE,2,0.032064228,62,forward
Logistics_SecondQ,25,37,TRUE,3,0.032458711,62,forward
Logistics_SecondQ,25,37,TRUE,4,0.032226824,62,forward
Logistics_SecondQ,25,37,TRUE,1,0.169938072,107,backward
Logistics_SecondQ,25,37,TRUE,2,0.109267233,107,backward
Logistics_SecondQ,25,37,TRUE,3,0.110092891,107,backward
Logistics_SecondQ,25,37,TRUE,4,0.108145508,107,backward
Logistics_SecondQ,25,37,TRUE,1,0.234078896,62,noncausal
Logistics_SecondQ,25,37,TRUE,2,0.196059792,62,noncausal
Logistics_SecondQ,25,37,TRUE,3,0.196129083,62,noncausal
Logistics_SecondQ,25,37,TRUE,4,0.194125833,62,noncausal
Logistics_SecondQ,26,37,FALSE,1,0.047327537,71,forward
Logistics_SecondQ,26,37,FALSE,2,0.032531262,71,forward
Logistics_SecondQ,26,37,FALSE,3,0.032738486,71,forward
Logistics_SecondQ,26,37,FALSE,1,0.121515725,124,backward
Logistics_SecondQ,26,37,FALSE,2,0.119588465,124,backward
Logistics_SecondQ,26,37,FALSE,3,0.120202956,124,backward
Logistics_SecondQ,26,37,FALSE,1,0.216153793,71,noncausal
Logistics_SecondQ,26,37,FALSE,2,0.218287647,71,noncausal
Logistics_SecondQ,26,37,FALSE,3,0.219275695,71,noncausal
Logistics_SecondQ,26,37,TRUE,1,1.577337058,71,forward
Logistics_SecondQ,26,37,TRUE,2,0.032066454,71,forward
Logistics_SecondQ,26,37,TRUE,3,0.032411533,71,forward
Logistics_SecondQ,26,37,TRUE,4,0.032664396,71,forward
Logistics_SecondQ,26,37,TRUE,1,0.181474886,124,backward
Logistics_SecondQ,26,37,TRUE,2,0.120084395,124,backward
Logistics_SecondQ,26,37,TRUE,3,0.11993516,124,backward
Logistics_SecondQ,26,37,TRUE,4,0.12011699,124,backward
Logistics_SecondQ,26,37,TRUE,1,0.258769887,71,noncausal
Logistics_SecondQ,26,37,TRUE,2,0.217995699,71,noncausal
Logistics_SecondQ,26,37,TRUE,3,0.217516586,71,noncausal
Logistics_SecondQ,26,37,TRUE,4,0.218113322,71,noncausal
Logistics_SecondQ,27,37,FALSE,1,0.047181311,75,forward
Logistics_SecondQ,27,37,FALSE,2,0.032531584,75,forward
Logistics_SecondQ,27,37,FALSE,3,0.032308131,75,forward
Logistics_SecondQ,27,37,FALSE,1,0.123021631,130,backward
Logistics_SecondQ,27,37,FALSE,2,0.124618622,130,backward
Logistics_SecondQ,27,37,FALSE,3,0.123508552,130,backward
Logistics_SecondQ,27,37,FALSE,1,0.229911832,75,noncausal
Logistics_SecondQ,27,37,FALSE,2,0.227021018,75,noncausal
Logistics_SecondQ,27,37,FALSE,3,0.230127584,75,noncausal
Logistics_SecondQ,27,37,TRUE,1,1.576526365,75,forward
Logistics_SecondQ,27,37,TRUE,2,0.032027072,75,forward
Logistics_SecondQ,27,37,TRUE,3,0.032517583,75,forward
Logistics_SecondQ,27,37,TRUE,4,0.032482342,75,forward
Logistics_SecondQ,27,37,TRUE,1,0.185355729,130,backward
Logistics_SecondQ,27,37,TRUE,2,0.122639511,130,backward
Logistics_SecondQ,27,37,TRUE,3,0.124191906,130,backward
Logistics_SecondQ,27,37,TRUE,4,0.124586799,130,backward
Logistics_SecondQ,27,37,TRUE,1,0.265674644,75,noncausal
Logistics_SecondQ,27,37,TRUE,2,0.226252534,75,noncausal
Logistics_SecondQ,27,37,TRUE,3,0.226822116,75,noncausal
Logistics_SecondQ,27,37,TRUE,4,0.227837851,75,noncausal
Logistics_SecondQ,28,37,FALSE,1,0.04741097,68,forward
Logistics_SecondQ,28,37,FALSE,2,0.032444687,68,forward
Logistics_SecondQ,28,37,FALSE,3,0.032582717,68,forward
Logistics_SecondQ,28,37,FALSE,1,0.114656653,115,backward
Logistics_SecondQ,28,37,FALSE,2,0.116111046,115,backward
Logistics_SecondQ,28,37,FALSE,3,0.115437575,115,backward
Logistics_SecondQ,28,37,FALSE,1,0.208185275,68,noncausal
Logistics_SecondQ,28,37,FALSE,2,0.207409639,68,noncausal
Logistics_SecondQ,28,37,FALSE,3,0.205672484,68,noncausal
Logistics_SecondQ,28,37,TRUE,1,1.581526869,68,forward
Logistics_SecondQ,28,37,TRUE,2,0.032051902,68,forward
Logistics_SecondQ,28,37,TRUE,3,0.032343995,68,forward
Logistics_SecondQ,28,37,TRUE,4,0.032765404,68,forward
Logistics_SecondQ,28,37,TRUE,1,0.174886517,115,backward
Logistics_SecondQ,28,37,TRUE,2,0.114721672,115,backward
Logistics_SecondQ,28,37,TRUE,3,0.116087918,115,backward
Logistics_SecondQ,28,37,TRUE,4,0.114735194,115,backward
Logistics_SecondQ,28,37,TRUE,1,0.246851875,68,noncausal
Logistics_SecondQ,28,37,TRUE,2,0.206975747,68,noncausal
Logistics_SecondQ,28,37,TRUE,3,0.207944872,68,noncausal
Logistics_SecondQ,28,37,TRUE,4,0.208846018,68,noncausal
Logistics_SecondQ,29,32,FALSE,1,0.022540475,25,forward
Logistics_SecondQ,29,32,FALSE,2,0.022386511,25,forward
Logistics_SecondQ,29,32,FALSE,3,0.022761967,25,forward
Logistics_SecondQ,29,32,FALSE,1,0.044057318,44,backward
Logistics_SecondQ,29,32,FALSE,2,0.043060376,44,backward
Logistics_SecondQ,29,32,FALSE,3,0.043223868,44,backward
Logistics_SecondQ,29,32,FALSE,1,0.055610608,25,noncausal
Logistics_SecondQ,29,32,FALSE,2,0.056015195,25,noncausal
Logistics_SecondQ,29,32,FALSE,3,0.055802544,25,noncausal
Logistics_SecondQ,29,32,TRUE,1,1.627712977,25,forward
Logistics_SecondQ,29,32,TRUE,2,0.022512942,25,forward
Logistics_SecondQ,29,32,TRUE,3,0.022434157,25,forward
Logistics_SecondQ,29,32,TRUE,4,0.022445284,25,forward
Logistics_SecondQ,29,32,TRUE,1,0.099503002,44,backward
Logistics_SecondQ,29,32,TRUE,2,0.043040533,44,backward
Logistics_SecondQ,29,32,TRUE,3,0.043028261,44,backward
Logistics_SecondQ,29,32,TRUE,4,0.043075886,44,backward
Logistics_SecondQ,29,32,TRUE,1,0.099387247,25,noncausal
Logistics_SecondQ,29,32,TRUE,2,0.054427096,25,noncausal
Logistics_SecondQ,29,32,TRUE,3,0.055978527,25,noncausal
Logistics_SecondQ,29,32,TRUE,4,0.055953484,25,noncausal
Logistics_SecondQ,30,49,FALSE,1,0.078747529,26,forward
Logistics_SecondQ,30,49,FALSE,2,0.073116798,26,forward
Logistics_SecondQ,30,49,FALSE,3,0.073969643,26,forward
Logistics_SecondQ,30,49,FALSE,1,0.169414029,59,backward
Logistics_SecondQ,30,49,FALSE,2,0.167363009,59,backward
Logistics_SecondQ,30,49,FALSE,3,0.170861352,59,backward
Logistics_SecondQ,30,49,FALSE,1,0.204111961,26,noncausal
Logistics_SecondQ,30,49,FALSE,2,0.203338563,26,noncausal
Logistics_SecondQ,30,49,FALSE,3,0.204675106,26,noncausal
Logistics_SecondQ,30,49,TRUE,1,1.705465276,26,forward
Logistics_SecondQ,30,49,TRUE,2,0.072590143,26,forward
Logistics_SecondQ,30,49,TRUE,3,0.072589893,26,forward
Logistics_SecondQ,30,49,TRUE,4,0.072533799,26,forward
Logistics_SecondQ,30,49,TRUE,1,0.230437483,59,backward
Logistics_SecondQ,30,49,TRUE,2,0.16688737,59,backward
Logistics_SecondQ,30,49,TRUE,3,0.16826435,59,backward
Logistics_SecondQ,30,49,TRUE,4,0.167444149,59,backward
Logistics_SecondQ,30,49,TRUE,1,0.242198618,26,noncausal
Logistics_SecondQ,30,49,TRUE,2,0.204112677,26,noncausal
Logistics_SecondQ,30,49,TRUE,3,0.204281709,26,noncausal
Logistics_SecondQ,30,49,TRUE,4,0.206092757,26,noncausal
Logistics_SecondQ,31,83,FALSE,1,0.467688564,52,forward
Logistics_SecondQ,31,83,FALSE,2,0.42826645,52,forward
Logistics_SecondQ,31,83,FALSE,3,0.42654162,52,forward
Logistics_SecondQ,31,83,FALSE,1,1.246867542,89,backward
Logistics_SecondQ,31,83,FALSE,2,1.240971035,89,backward
Logistics_SecondQ,31,83,FALSE,3,1.238379754,89,backward
Logistics_SecondQ,31,83,FALSE,1,2.157917649,52,noncausal
Logistics_SecondQ,31,83,FALSE,2,2.167069607,52,noncausal
Logistics_SecondQ,31,83,FALSE,3,2.163192212,52,noncausal
Logistics_SecondQ,31,83,TRUE,1,2.106613439,52,forward
Logistics_SecondQ,31,83,TRUE,2,0.427047908,52,forward
Logistics_SecondQ,31,83,TRUE,3,0.42150176,52,forward
Logistics_SecondQ,31,83,TRUE,4,0.419284288,52,forward
Logistics_SecondQ,31,83,TRUE,1,1.330795505,89,backward
Logistics_SecondQ,31,83,TRUE,2,1.254045638,89,backward
Logistics_SecondQ,31,83,TRUE,3,1.246149872,89,backward
Logistics_SecondQ,31,83,TRUE,4,1.245809038,89,backward
Logistics_SecondQ,31,83,TRUE,1,2.204166343,52,noncausal
Logistics_SecondQ,31,83,TRUE,2,2.135111866,52,noncausal
Logistics_SecondQ,31,83,TRUE,3,2.137530343,52,noncausal
Logistics_SecondQ,31,83,TRUE,4,2.140294094,52,noncausal
Logistics_SecondQ,32,100,FALSE,1,1.527034434,41,forward
Logistics_SecondQ,32,100,FALSE,2,1.525959132,41,forward
Logistics_SecondQ,32,100,FALSE,3,1.533388814,41,forward
Logistics_SecondQ,32,100,FALSE,1,2.877737852,81,backward
Logistics_SecondQ,32,100,FALSE,2,2.903884159,81,backward
Logistics_SecondQ,32,100,FALSE,3,2.899447846,81,backward
Logistics_SecondQ,32,100,FALSE,1,3.691056967,41,noncausal
Logistics_SecondQ,32,100,FALSE,2,3.688714461,41,noncausal
Logistics_SecondQ,32,100,FALSE,3,3.684274264,41,noncausal
Logistics_SecondQ,32,100,TRUE,1,3.197050343,41,forward
Logistics_SecondQ,32,100,TRUE,2,1.51806831,41,forward
Logistics_SecondQ,32,100,TRUE,3,1.468848631,41,forward
Logistics_SecondQ,32,100,TRUE,4,1.468609546,41,forward
Logistics_SecondQ,32,100,TRUE,1,2.951826936,81,backward
Logistics_SecondQ,32,100,TRUE,2,2.888799443,81,backward
Logistics_SecondQ,32,100,TRUE,3,2.888292512,81,backward
Logistics_SecondQ,32,100,TRUE,4,2.884906806,81,backward
Logistics_SecondQ,32,100,TRUE,1,3.725361112,41,noncausal
Logistics_SecondQ,32,100,TRUE,2,3.671560973,41,noncausal
Logistics_SecondQ,32,100,TRUE,3,3.671551378,41,noncausal
Logistics_SecondQ,32,100,TRUE,4,3.682787767,41,noncausal
Logistics_SecondQ,33,44,FALSE,1,0.069838848,84,forward
Logistics_SecondQ,33,44,FALSE,2,0.054858038,84,forward
Logistics_SecondQ,33,44,FALSE,3,0.052883302,84,forward
Logistics_SecondQ,33,44,FALSE,1,0.207763322,131,backward
Logistics_SecondQ,33,44,FALSE,2,0.208357277,131,backward
Logistics_SecondQ,33,44,FALSE,3,0.20844398,131,backward
Logistics_SecondQ,33,44,FALSE,1,0.463787314,84,noncausal
Logistics_SecondQ,33,44,FALSE,2,0.465561359,84,noncausal
Logistics_SecondQ,33,44,FALSE,3,0.464837788,84,noncausal
Logistics_SecondQ,33,44,TRUE,1,1.635579848,84,forward
Logistics_SecondQ,33,44,TRUE,2,0.053344282,84,forward
Logistics_SecondQ,33,44,TRUE,3,0.053854009,84,forward
Logistics_SecondQ,33,44,TRUE,4,0.053868214,84,forward
Logistics_SecondQ,33,44,TRUE,1,0.269467426,131,backward
Logistics_SecondQ,33,44,TRUE,2,0.209714566,131,backward
Logistics_SecondQ,33,44,TRUE,3,0.210586944,131,backward
Logistics_SecondQ,33,44,TRUE,4,0.212514,131,backward
Logistics_SecondQ,33,44,TRUE,1,0.506195126,84,noncausal
Logistics_SecondQ,33,44,TRUE,2,0.468210417,84,noncausal
Logistics_SecondQ,33,44,TRUE,3,0.468928709,84,noncausal
Logistics_SecondQ,33,44,TRUE,4,0.47118683,84,noncausal
Logistics_SecondQ,34,44,FALSE,1,0.071905687,80,forward
Logistics_SecondQ,34,44,FALSE,2,0.052397171,80,forward
Logistics_SecondQ,34,44,FALSE,3,0.052136203,80,forward
Logistics_SecondQ,34,44,FALSE,1,0.213868108,137,backward
Logistics_SecondQ,34,44,FALSE,2,0.21474426,137,backward
Logistics_SecondQ,34,44,FALSE,3,0.212025875,137,backward
Logistics_SecondQ,34,44,FALSE,1,0.441468436,80,noncausal
Logistics_SecondQ,34,44,FALSE,2,0.44382465,80,noncausal
Logistics_SecondQ,34,44,FALSE,3,0.442587422,80,noncausal
Logistics_SecondQ,34,44,TRUE,1,1.599186567,80,forward
Logistics_SecondQ,34,44,TRUE,2,0.051736662,80,forward
Logistics_SecondQ,34,44,TRUE,3,0.052111378,80,forward
Logistics_SecondQ,34,44,TRUE,4,0.052301032,80,forward
Logistics_SecondQ,34,44,TRUE,1,0.292717818,137,backward
Logistics_SecondQ,34,44,TRUE,2,0.212570398,137,backward
Logistics_SecondQ,34,44,TRUE,3,0.213059697,137,backward
Logistics_SecondQ,34,44,TRUE,4,0.21281072,137,backward
Logistics_SecondQ,34,44,TRUE,1,0.48684248,80,noncausal
Logistics_SecondQ,34,44,TRUE,2,0.44345151,80,noncausal
Logistics_SecondQ,34,44,TRUE,3,0.438839137,80,noncausal
Logistics_SecondQ,34,44,TRUE,4,0.44156816,80,noncausal
Logistics_SecondQ,35,44,FALSE,1,0.071478135,90,forward
Logistics_SecondQ,35,44,FALSE,2,0.052607836,90,forward
Logistics_SecondQ,35,44,FALSE,3,0.052576722,90,forward
Logistics_SecondQ,35,44,FALSE,1,0.237534416,150,backward
Logistics_SecondQ,35,44,FALSE,2,0.241033613,150,backward
Logistics_SecondQ,35,44,FALSE,3,0.240005442,150,backward
Logistics_SecondQ,35,44,FALSE,1,0.50322326,90,noncausal
Logistics_SecondQ,35,44,FALSE,2,0.490958837,90,noncausal
Logistics_SecondQ,35,44,FALSE,3,0.489793399,90,noncausal
Logistics_SecondQ,35,44,TRUE,1,1.613249535,90,forward
Logistics_SecondQ,35,44,TRUE,2,0.05168293,90,forward
Logistics_SecondQ,35,44,TRUE,3,0.052267899,90,forward
Logistics_SecondQ,35,44,TRUE,4,0.052265813,90,forward
Logistics_SecondQ,35,44,TRUE,1,0.304062452,150,backward
Logistics_SecondQ,35,44,TRUE,2,0.239591562,150,backward
Logistics_SecondQ,35,44,TRUE,3,0.241016261,150,backward
Logistics_SecondQ,35,44,TRUE,4,0.241000409,150,backward
Logistics_SecondQ,35,44,TRUE,1,0.535630508,90,noncausal
Logistics_SecondQ,35,44,TRUE,2,0.486362855,90,noncausal
Logistics_SecondQ,35,44,TRUE,3,0.490389746,90,noncausal
Logistics_SecondQ,35,44,TRUE,4,0.490949279,90,noncausal
Logistics_SecondQ,36,44,FALSE,1,0.071502715,88,forward
Logistics_SecondQ,36,44,FALSE,2,0.052421228,88,forward
Logistics_SecondQ,36,44,FALSE,3,0.053068959,88,forward
Logistics_SecondQ,36,44,FALSE,1,0.239209372,148,backward
Logistics_SecondQ,36,44,FALSE,2,0.241137857,148,backward
Logistics_SecondQ,36,44,FALSE,3,0.241638829,148,backward
Logistics_SecondQ,36,44,FALSE,1,0.487181974,88,noncausal
Logistics_SecondQ,36,44,FALSE,2,0.484173205,88,noncausal
Logistics_SecondQ,36,44,FALSE,3,0.481441385,88,noncausal
Logistics_SecondQ,36,44,TRUE,1,1.610950395,88,forward
Logistics_SecondQ,36,44,TRUE,2,0.052326251,88,forward
Logistics_SecondQ,36,44,TRUE,3,0.052481799,88,forward
Logistics_SecondQ,36,44,TRUE,4,0.052282848,88,forward
Logistics_SecondQ,36,44,TRUE,1,0.303698733,148,backward
Logistics_SecondQ,36,44,TRUE,2,0.239578181,148,backward
Logistics_SecondQ,36,44,TRUE,3,0.241268955,148,backward
Logistics_SecondQ,36,44,TRUE,4,0.244680518,148,backward
Logistics_SecondQ,36,44,TRUE,1,0.525986328,88,noncausal
Logistics_SecondQ,36,44,TRUE,2,0.480886421,88,noncausal
Logistics_SecondQ,36,44,TRUE,3,0.485618775,88,noncausal
Logistics_SecondQ,36,44,TRUE,4,0.48474338,88,noncausal
Logistics_SecondQ,37,44,FALSE,1,0.071567179,109,forward
Logistics_SecondQ,37,44,FALSE,2,0.053381474,109,forward
Logistics_SecondQ,37,44,FALSE,3,0.052992455,109,forward
Logistics_SecondQ,37,44,FALSE,1,0.280584362,195,backward
Logistics_SecondQ,37,44,FALSE,2,0.278389089,195,backward
Logistics_SecondQ,37,44,FALSE,3,0.279465501,195,backward
Logistics_SecondQ,37,44,FALSE,1,0.590775662,109,noncausal
Logistics_SecondQ,37,44,FALSE,2,0.590467504,109,noncausal
Logistics_SecondQ,37,44,FALSE,3,0.593373201,109,noncausal
Logistics_SecondQ,37,44,TRUE,1,1.613862806,109,forward
Logistics_SecondQ,37,44,TRUE,2,0.052237571,109,forward
Logistics_SecondQ,37,44,TRUE,3,0.052643158,109,forward
Logistics_SecondQ,37,44,TRUE,4,0.052519697,109,forward
Logistics_SecondQ,37,44,TRUE,1,0.349219216,195,backward
Logistics_SecondQ,37,44,TRUE,2,0.334967721,195,backward
Logistics_SecondQ,37,44,TRUE,3,0.328943219,195,backward
Logistics_SecondQ,37,44,TRUE,4,0.282791483,195,backward
Logistics_SecondQ,37,44,TRUE,1,0.635683151,109,noncausal
Logistics_SecondQ,37,44,TRUE,2,0.586589291,109,noncausal
Logistics_SecondQ,37,44,TRUE,3,0.586256288,109,noncausal
Logistics_SecondQ,37,44,TRUE,4,0.587221436,109,noncausal
Logistics_SecondQ,38,44,FALSE,1,0.072326324,79,forward
Logistics_SecondQ,38,44,FALSE,2,0.05321194,79,forward
Logistics_SecondQ,38,44,FALSE,3,0.052848984,79,forward
Logistics_SecondQ,38,44,FALSE,1,0.195986262,123,backward
Logistics_SecondQ,38,44,FALSE,2,0.197163771,123,backward
Logistics_SecondQ,38,44,FALSE,3,0.196357282,123,backward
Logistics_SecondQ,38,44,FALSE,1,0.435491694,79,noncausal
Logistics_SecondQ,38,44,FALSE,2,0.491813964,79,noncausal
Logistics_SecondQ,38,44,FALSE,3,0.429649476,79,noncausal
Logistics_SecondQ,38,44,TRUE,1,1.615450574,79,forward
Logistics_SecondQ,38,44,TRUE,2,0.052177434,79,forward
Logistics_SecondQ,38,44,TRUE,3,0.052939649,79,forward
Logistics_SecondQ,38,44,TRUE,4,0.05243306,79,forward
Logistics_SecondQ,38,44,TRUE,1,0.256708095,123,backward
Logistics_SecondQ,38,44,TRUE,2,0.225883419,123,backward
Logistics_SecondQ,38,44,TRUE,3,0.198147715,123,backward
Logistics_SecondQ,38,44,TRUE,4,0.19937868,123,backward
Logistics_SecondQ,38,44,TRUE,1,0.477400594,79,noncausal
Logistics_SecondQ,38,44,TRUE,2,0.431523126,79,noncausal
Logistics_SecondQ,38,44,TRUE,3,0.431378514,79,noncausal
Logistics_SecondQ,38,44,TRUE,4,0.432855044,79,noncausal
Logistics_SecondQ,39,51,FALSE,1,0.106299219,97,forward
Logistics_SecondQ,39,51,FALSE,2,0.080569066,97,forward
Logistics_SecondQ,39,51,FALSE,3,0.080512388,97,forward
Logistics_SecondQ,39,51,FALSE,1,0.494347535,164,backward
Logistics_SecondQ,39,51,FALSE,2,0.488702151,164,backward
Logistics_SecondQ,39,51,FALSE,3,0.490955335,164,backward
Logistics_SecondQ,39,51,FALSE,1,0.987891245,97,noncausal
Logistics_SecondQ,39,51,FALSE,2,0.991637507,97,noncausal
Logistics_SecondQ,39,51,FALSE,3,0.994225483,97,noncausal
Logistics_SecondQ,39,51,TRUE,1,1.678236304,97,forward
Logistics_SecondQ,39,51,TRUE,2,0.079209521,97,forward
Logistics_SecondQ,39,51,TRUE,3,0.080036193,97,forward
Logistics_SecondQ,39,51,TRUE,4,0.079851958,97,forward
Logistics_SecondQ,39,51,TRUE,1,0.565550197,164,backward
Logistics_SecondQ,39,51,TRUE,2,0.513679251,164,backward
Logistics_SecondQ,39,51,TRUE,3,0.506429656,164,backward
Logistics_SecondQ,39,51,TRUE,4,0.505768618,164,backward
Logistics_SecondQ,39,51,TRUE,1,1.052033619,97,noncausal
Logistics_SecondQ,39,51,TRUE,2,0.990323002,97,noncausal
Logistics_SecondQ,39,51,TRUE,3,0.98532755,97,noncausal
Logistics_SecondQ,39,51,TRUE,4,0.982421658,97,noncausal
Logistics_SecondQ,40,51,FALSE,1,0.097834087,92,forward
Logistics_SecondQ,40,51,FALSE,2,0.079296971,92,forward
Logistics_SecondQ,40,51,FALSE,3,0.080019948,92,forward
Logistics_SecondQ,40,51,FALSE,1,0.48246597,159,backward
Logistics_SecondQ,40,51,FALSE,2,0.47816044,159,backward
Logistics_SecondQ,40,51,FALSE,3,0.481121757,159,backward
Logistics_SecondQ,40,51,FALSE,1,0.915243523,92,noncausal
Logistics_SecondQ,40,51,FALSE,2,0.925502426,92,noncausal
Logistics_SecondQ,40,51,FALSE,3,0.916314879,92,noncausal
Logistics_SecondQ,40,51,TRUE,1,1.668880716,92,forward
Logistics_SecondQ,40,51,TRUE,2,0.078440617,92,forward
Logistics_SecondQ,40,51,TRUE,3,0.079095084,92,forward
Logistics_SecondQ,40,51,TRUE,4,0.079282335,92,forward
Logistics_SecondQ,40,51,TRUE,1,0.548741834,159,backward
Logistics_SecondQ,40,51,TRUE,2,0.489519868,159,backward
Logistics_SecondQ,40,51,TRUE,3,0.487441124,159,backward
Logistics_SecondQ,40,51,TRUE,4,0.487212463,159,backward
Logistics_SecondQ,40,51,TRUE,1,0.989288116,92,noncausal
Logistics_SecondQ,40,51,TRUE,2,0.924305671,92,noncausal
Logistics_SecondQ,40,51,TRUE,3,0.928742865,92,noncausal
Logistics_SecondQ,40,51,TRUE,4,0.921988761,92,noncausal
Logistics_ThirdQ,41,51,FALSE,1,0.106399241,105,forward
Logistics_ThirdQ,41,51,FALSE,2,0.080710883,105,forward
Logistics_ThirdQ,41,51,FALSE,3,0.080797315,105,forward
Logistics_ThirdQ,41,51,FALSE,1,0.503530154,171,backward
Logistics_ThirdQ,41,51,FALSE,2,0.501369188,171,backward
Logistics_ThirdQ,41,51,FALSE,3,0.502497256,171,backward
Logistics_ThirdQ,41,51,FALSE,1,1.077939611,105,noncausal
Logistics_ThirdQ,41,51,FALSE,2,1.066789611,105,noncausal
Logistics_ThirdQ,41,51,FALSE,3,1.066797737,105,noncausal
Logistics_ThirdQ,41,51,TRUE,1,1.762414762,105,forward
Logistics_ThirdQ,41,51,TRUE,2,0.081045769,105,forward
Logistics_ThirdQ,41,51,TRUE,3,0.080412759,105,forward
Logistics_ThirdQ,41,51,TRUE,4,0.080901711,105,forward
Logistics_ThirdQ,41,51,TRUE,1,0.57346652,171,backward
Logistics_ThirdQ,41,51,TRUE,2,0.509035199,171,backward
Logistics_ThirdQ,41,51,TRUE,3,0.50390209,171,backward
Logistics_ThirdQ,41,51,TRUE,4,0.506187997,171,backward
Logistics_ThirdQ,41,51,TRUE,1,1.13123091,105,noncausal
Logistics_ThirdQ,41,51,TRUE,2,1.083952866,105,noncausal
Logistics_ThirdQ,41,51,TRUE,3,1.07788767,105,noncausal
Logistics_ThirdQ,41,51,TRUE,4,1.068177469,105,noncausal
Logistics_ThirdQ,42,51,FALSE,1,0.104033222,100,forward
Logistics_ThirdQ,42,51,FALSE,2,0.079681535,100,forward
Logistics_ThirdQ,42,51,FALSE,3,0.079835572,100,forward
Logistics_ThirdQ,42,51,FALSE,1,0.486780672,168,backward
Logistics_ThirdQ,42,51,FALSE,2,0.489368562,168,backward
Logistics_ThirdQ,42,51,FALSE,3,0.489932217,168,backward
Logistics_ThirdQ,42,51,FALSE,1,1.016478473,100,noncausal
Logistics_ThirdQ,42,51,FALSE,2,1.01463748,100,noncausal
Logistics_ThirdQ,42,51,FALSE,3,1.016649703,100,noncausal
Logistics_ThirdQ,42,51,TRUE,1,1.699879809,100,forward
Logistics_ThirdQ,42,51,TRUE,2,0.078267505,100,forward
Logistics_ThirdQ,42,51,TRUE,3,0.07931971,100,forward
Logistics_ThirdQ,42,51,TRUE,4,0.079387005,100,forward
Logistics_ThirdQ,42,51,TRUE,1,0.557673661,168,backward
Logistics_ThirdQ,42,51,TRUE,2,0.499651643,168,backward
Logistics_ThirdQ,42,51,TRUE,3,0.497546396,168,backward
Logistics_ThirdQ,42,51,TRUE,4,0.49778222,168,backward
Logistics_ThirdQ,42,51,TRUE,1,1.056103593,100,noncausal
Logistics_ThirdQ,42,51,TRUE,2,1.025615633,100,noncausal
Logistics_ThirdQ,42,51,TRUE,3,1.019714627,100,noncausal
Logistics_ThirdQ,42,51,TRUE,4,1.023439955,100,noncausal
Logistics_ThirdQ,43,51,FALSE,1,0.103907934,106,forward
Logistics_ThirdQ,43,51,FALSE,2,0.079997712,106,forward
Logistics_ThirdQ,43,51,FALSE,3,0.080142991,106,forward
Logistics_ThirdQ,43,51,FALSE,1,0.504486789,175,backward
Logistics_ThirdQ,43,51,FALSE,2,0.508585454,175,backward
Logistics_ThirdQ,43,51,FALSE,3,0.512893865,175,backward
Logistics_ThirdQ,43,51,FALSE,1,1.076954302,106,noncausal
Logistics_ThirdQ,43,51,FALSE,2,1.060226184,106,noncausal
Logistics_ThirdQ,43,51,FALSE,3,1.063732768,106,noncausal
Logistics_ThirdQ,43,51,TRUE,1,1.674724157,106,forward
Logistics_ThirdQ,43,51,TRUE,2,0.078390361,106,forward
Logistics_ThirdQ,43,51,TRUE,3,0.07917688,106,forward
Logistics_ThirdQ,43,51,TRUE,4,0.078981643,106,forward
Logistics_ThirdQ,43,51,TRUE,1,0.578366471,175,backward
Logistics_ThirdQ,43,51,TRUE,2,0.512592842,175,backward
Logistics_ThirdQ,43,51,TRUE,3,0.513342507,175,backward
Logistics_ThirdQ,43,51,TRUE,4,0.514838652,175,backward
Logistics_ThirdQ,43,51,TRUE,1,1.109884861,106,noncausal
Logistics_ThirdQ,43,51,TRUE,2,1.069985025,106,noncausal
Logistics_ThirdQ,43,51,TRUE,3,1.073858233,106,noncausal
Logistics_ThirdQ,43,51,TRUE,4,1.076134721,106,noncausal
Logistics_ThirdQ,44,51,FALSE,1,0.104095856,100,forward
Logistics_ThirdQ,44,51,FALSE,2,0.081659365,100,forward
Logistics_ThirdQ,44,51,FALSE,3,0.080518449,100,forward
Logistics_ThirdQ,44,51,FALSE,1,0.501383161,169,backward
Logistics_ThirdQ,44,51,FALSE,2,0.492629269,169,backward
Logistics_ThirdQ,44,51,FALSE,3,0.495248927,169,backward
Logistics_ThirdQ,44,51,FALSE,1,1.005840781,100,noncausal
Logistics_ThirdQ,44,51,FALSE,2,1.002664338,100,noncausal
Logistics_ThirdQ,44,51,FALSE,3,1.003552171,100,noncausal
Logistics_ThirdQ,44,51,TRUE,1,1.703997653,100,forward
Logistics_ThirdQ,44,51,TRUE,2,0.078219193,100,forward
Logistics_ThirdQ,44,51,TRUE,3,0.079226157,100,forward
Logistics_ThirdQ,44,51,TRUE,4,0.079615446,100,forward
Logistics_ThirdQ,44,51,TRUE,1,0.561449117,169,backward
Logistics_ThirdQ,44,51,TRUE,2,0.497544646,169,backward
Logistics_ThirdQ,44,51,TRUE,3,0.497279392,169,backward
Logistics_ThirdQ,44,51,TRUE,4,0.496947756,169,backward
Logistics_ThirdQ,44,51,TRUE,1,1.059494979,100,noncausal
Logistics_ThirdQ,44,51,TRUE,2,1.02157613,100,noncausal
Logistics_ThirdQ,44,51,TRUE,3,1.01010963,100,noncausal
Logistics_ThirdQ,44,51,TRUE,4,1.012886071,100,noncausal
Logistics_ThirdQ,45,58,FALSE,1,0.174781869,108,forward
Logistics_ThirdQ,45,58,FALSE,2,0.137569786,108,forward
Logistics_ThirdQ,45,58,FALSE,3,0.138035843,108,forward
Logistics_ThirdQ,45,58,FALSE,1,0.803079851,175,backward
Logistics_ThirdQ,45,58,FALSE,2,0.798630884,175,backward
Logistics_ThirdQ,45,58,FALSE,3,0.798304587,175,backward
Logistics_ThirdQ,45,58,FALSE,1,1.656393407,108,noncausal
Logistics_ThirdQ,45,58,FALSE,2,1.656957007,108,noncausal
Logistics_ThirdQ,45,58,FALSE,3,1.659468709,108,noncausal
Logistics_ThirdQ,45,58,TRUE,1,1.77100931,108,forward
Logistics_ThirdQ,45,58,TRUE,2,0.140836887,108,forward
Logistics_ThirdQ,45,58,TRUE,3,0.137715433,108,forward
Logistics_ThirdQ,45,58,TRUE,4,0.137544809,108,forward
Logistics_ThirdQ,45,58,TRUE,1,0.869800884,175,backward
Logistics_ThirdQ,45,58,TRUE,2,0.814430152,175,backward
Logistics_ThirdQ,45,58,TRUE,3,0.818341268,175,backward
Logistics_ThirdQ,45,58,TRUE,4,0.815507169,175,backward
Logistics_ThirdQ,45,58,TRUE,1,1.755174746,108,noncausal
Logistics_ThirdQ,45,58,TRUE,2,1.667091693,108,noncausal
Logistics_ThirdQ,45,58,TRUE,3,1.679633484,108,noncausal
Logistics_ThirdQ,45,58,TRUE,4,1.675938726,108,noncausal
Logistics_ThirdQ,46,58,FALSE,1,0.174621392,106,forward
Logistics_ThirdQ,46,58,FALSE,2,0.138175962,106,forward
Logistics_ThirdQ,46,58,FALSE,3,0.138237115,106,forward
Logistics_ThirdQ,46,58,FALSE,1,0.793095586,167,backward
Logistics_ThirdQ,46,58,FALSE,2,0.784807842,167,backward
Logistics_ThirdQ,46,58,FALSE,3,0.79209542,167,backward
Logistics_ThirdQ,46,58,FALSE,1,1.62798956,106,noncausal
Logistics_ThirdQ,46,58,FALSE,2,1.630749411,106,noncausal
Logistics_ThirdQ,46,58,FALSE,3,1.6379035,106,noncausal
Logistics_ThirdQ,46,58,TRUE,1,1.746231677,106,forward
Logistics_ThirdQ,46,58,TRUE,2,0.141434533,106,forward
Logistics_ThirdQ,46,58,TRUE,3,0.137784696,106,forward
Logistics_ThirdQ,46,58,TRUE,4,0.138288413,106,forward
Logistics_ThirdQ,46,58,TRUE,1,0.861910011,167,backward
Logistics_ThirdQ,46,58,TRUE,2,0.805688498,167,backward
Logistics_ThirdQ,46,58,TRUE,3,0.804536395,167,backward
Logistics_ThirdQ,46,58,TRUE,4,0.804307862,167,backward
Logistics_ThirdQ,46,58,TRUE,1,1.713292382,106,noncausal
Logistics_ThirdQ,46,58,TRUE,2,1.636799439,106,noncausal
Logistics_ThirdQ,46,58,TRUE,3,1.637895405,106,noncausal
Logistics_ThirdQ,46,58,TRUE,4,1.642975307,106,noncausal
Logistics_ThirdQ,47,58,FALSE,1,0.175169099,112,forward
Logistics_ThirdQ,47,58,FALSE,2,0.138282156,112,forward
Logistics_ThirdQ,47,58,FALSE,3,0.138115276,112,forward
Logistics_ThirdQ,47,58,FALSE,1,0.846172589,186,backward
Logistics_ThirdQ,47,58,FALSE,2,0.834358962,186,backward
Logistics_ThirdQ,47,58,FALSE,3,0.833484382,186,backward
Logistics_ThirdQ,47,58,FALSE,1,1.720020785,112,noncausal
Logistics_ThirdQ,47,58,FALSE,2,1.712434157,112,noncausal
Logistics_ThirdQ,47,58,FALSE,3,1.714561411,112,noncausal
Logistics_ThirdQ,47,58,TRUE,1,1.753828087,112,forward
Logistics_ThirdQ,47,58,TRUE,2,0.140077583,112,forward
Logistics_ThirdQ,47,58,TRUE,3,0.137381646,112,forward
Logistics_ThirdQ,47,58,TRUE,4,0.137358896,112,forward
Logistics_ThirdQ,47,58,TRUE,1,0.912534378,186,backward
Logistics_ThirdQ,47,58,TRUE,2,0.847382635,186,backward
Logistics_ThirdQ,47,58,TRUE,3,0.849907249,186,backward
Logistics_ThirdQ,47,58,TRUE,4,0.85187363,186,backward
Logistics_ThirdQ,47,58,TRUE,1,1.795898284,112,noncausal
Logistics_ThirdQ,47,58,TRUE,2,1.727329235,112,noncausal
Logistics_ThirdQ,47,58,TRUE,3,1.725028618,112,noncausal
Logistics_ThirdQ,47,58,TRUE,4,1.730930734,112,noncausal
Logistics_ThirdQ,48,58,FALSE,1,0.185690755,102,forward
Logistics_ThirdQ,48,58,FALSE,2,0.142059088,102,forward
Logistics_ThirdQ,48,58,FALSE,3,0.138722245,102,forward
Logistics_ThirdQ,48,58,FALSE,1,0.745345822,157,backward
Logistics_ThirdQ,48,58,FALSE,2,0.759140744,157,backward
Logistics_ThirdQ,48,58,FALSE,3,0.738355616,157,backward
Logistics_ThirdQ,48,58,FALSE,1,1.550766795,102,noncausal
Logistics_ThirdQ,48,58,FALSE,2,1.573973991,102,noncausal
Logistics_ThirdQ,48,58,FALSE,3,1.556667656,102,noncausal
Logistics_ThirdQ,48,58,TRUE,1,1.784108945,102,forward
Logistics_ThirdQ,48,58,TRUE,2,0.145898348,102,forward
Logistics_ThirdQ,48,58,TRUE,3,0.137353509,102,forward
Logistics_ThirdQ,48,58,TRUE,4,0.137995015,102,forward
Logistics_ThirdQ,48,58,TRUE,1,0.809237488,157,backward
Logistics_ThirdQ,48,58,TRUE,2,0.756180529,157,backward
Logistics_ThirdQ,48,58,TRUE,3,0.756233931,157,backward
Logistics_ThirdQ,48,58,TRUE,4,0.76167812,157,backward
Logistics_ThirdQ,48,58,TRUE,1,1.628004563,102,noncausal
Logistics_ThirdQ,48,58,TRUE,2,1.555325504,102,noncausal
Logistics_ThirdQ,48,58,TRUE,3,1.555413186,102,noncausal
Logistics_ThirdQ,48,58,TRUE,4,1.623641914,102,noncausal
Logistics_ThirdQ,49,58,FALSE,1,0.184569279,126,forward
Logistics_ThirdQ,49,58,FALSE,2,0.144962743,126,forward
Logistics_ThirdQ,49,58,FALSE,3,0.14076515,126,forward
Logistics_ThirdQ,49,58,FALSE,1,1.041614169,206,backward
Logistics_ThirdQ,49,58,FALSE,2,0.972186037,206,backward
Logistics_ThirdQ,49,58,FALSE,3,0.985167571,206,backward
Logistics_ThirdQ,49,58,FALSE,1,2.134081804,126,noncausal
Logistics_ThirdQ,49,58,FALSE,2,2.03701395,126,noncausal
Logistics_ThirdQ,49,58,FALSE,3,2.114882965,126,noncausal
Logistics_ThirdQ,49,58,TRUE,1,1.805744288,126,forward
Logistics_ThirdQ,49,58,TRUE,2,0.145002021,126,forward
Logistics_ThirdQ,49,58,TRUE,3,0.14195029,126,forward
Logistics_ThirdQ,49,58,TRUE,4,0.141637479,126,forward
Logistics_ThirdQ,49,58,TRUE,1,1.025526917,206,backward
Logistics_ThirdQ,49,58,TRUE,2,0.96468729,206,backward
Logistics_ThirdQ,49,58,TRUE,3,0.963663001,206,backward
Logistics_ThirdQ,49,58,TRUE,4,0.965706625,206,backward
Logistics_ThirdQ,49,58,TRUE,1,2.052476092,126,noncausal
Logistics_ThirdQ,49,58,TRUE,2,1.972495944,126,noncausal
Logistics_ThirdQ,49,58,TRUE,3,1.974586172,126,noncausal
Logistics_ThirdQ,49,58,TRUE,4,1.979913855,126,noncausal
Logistics_ThirdQ,50,58,FALSE,1,0.184387069,130,forward
Logistics_ThirdQ,50,58,FALSE,2,0.141946034,130,forward
Logistics_ThirdQ,50,58,FALSE,3,0.141794444,130,forward
Logistics_ThirdQ,50,58,FALSE,1,0.969694392,213,backward
Logistics_ThirdQ,50,58,FALSE,2,0.973590223,213,backward
Logistics_ThirdQ,50,58,FALSE,3,0.97323193,213,backward
Logistics_ThirdQ,50,58,FALSE,1,2.033317599,130,noncausal
Logistics_ThirdQ,50,58,FALSE,2,2.029257918,130,noncausal
Logistics_ThirdQ,50,58,FALSE,3,2.032839344,130,noncausal
Logistics_ThirdQ,50,58,TRUE,1,1.801246321,130,forward
Logistics_ThirdQ,50,58,TRUE,2,0.14462544,130,forward
Logistics_ThirdQ,50,58,TRUE,3,0.141419729,130,forward
Logistics_ThirdQ,50,58,TRUE,4,0.141380116,130,forward
Logistics_ThirdQ,50,58,TRUE,1,1.03671759,213,backward
Logistics_ThirdQ,50,58,TRUE,2,0.981713628,213,backward
Logistics_ThirdQ,50,58,TRUE,3,0.98403633,213,backward
Logistics_ThirdQ,50,58,TRUE,4,0.982485752,213,backward
Logistics_ThirdQ,50,58,TRUE,1,2.115777166,130,noncausal
Logistics_ThirdQ,50,58,TRUE,2,2.037630365,130,noncausal
Logistics_ThirdQ,50,58,TRUE,3,2.084265155,130,noncausal
Logistics_ThirdQ,50,58,TRUE,4,2.032515414,130,noncausal
Logistics_ThirdQ,51,66,FALSE,1,0.256406204,139,forward
Logistics_ThirdQ,51,66,FALSE,2,0.237533624,139,forward
Logistics_ThirdQ,51,66,FALSE,3,0.238284872,139,forward
Logistics_ThirdQ,51,66,FALSE,1,1.587841111,227,backward
Logistics_ThirdQ,51,66,FALSE,2,1.58952284,227,backward
Logistics_ThirdQ,51,66,FALSE,3,1.586826997,227,backward
Logistics_ThirdQ,51,66,FALSE,1,3.568752085,139,noncausal
Logistics_ThirdQ,51,66,FALSE,2,3.562942837,139,noncausal
Logistics_ThirdQ,51,66,FALSE,3,3.575343629,139,noncausal
Logistics_ThirdQ,51,66,TRUE,1,1.921720152,139,forward
Logistics_ThirdQ,51,66,TRUE,2,0.220189928,139,forward
Logistics_ThirdQ,51,66,TRUE,3,0.218883488,139,forward
Logistics_ThirdQ,51,66,TRUE,4,0.218960989,139,forward
Logistics_ThirdQ,51,66,TRUE,1,1.637673667,227,backward
Logistics_ThirdQ,51,66,TRUE,2,1.622025232,227,backward
Logistics_ThirdQ,51,66,TRUE,3,1.629533078,227,backward
Logistics_ThirdQ,51,66,TRUE,4,1.59179173,227,backward
Logistics_ThirdQ,51,66,TRUE,1,3.638622303,139,noncausal
Logistics_ThirdQ,51,66,TRUE,2,3.582445912,139,noncausal
Logistics_ThirdQ,51,66,TRUE,3,3.596645873,139,noncausal
Logistics_ThirdQ,51,66,TRUE,4,3.595786469,139,noncausal
Logistics_ThirdQ,52,66,FALSE,1,0.237152073,141,forward
Logistics_ThirdQ,52,66,FALSE,2,0.238722253,141,forward
Logistics_ThirdQ,52,66,FALSE,3,0.239214019,141,forward
Logistics_ThirdQ,52,66,FALSE,1,1.680901779,248,backward
Logistics_ThirdQ,52,66,FALSE,2,1.692657195,248,backward
Logistics_ThirdQ,52,66,FALSE,3,1.687224985,248,backward
Logistics_ThirdQ,52,66,FALSE,1,3.6424732,141,noncausal
Logistics_ThirdQ,52,66,FALSE,2,3.628117562,141,noncausal
Logistics_ThirdQ,52,66,FALSE,3,3.632752191,141,noncausal
Logistics_ThirdQ,52,66,TRUE,1,1.90590363,141,forward
Logistics_ThirdQ,52,66,TRUE,2,0.220510572,141,forward
Logistics_ThirdQ,52,66,TRUE,3,0.219893762,141,forward
Logistics_ThirdQ,52,66,TRUE,4,0.21952865,141,forward
Logistics_ThirdQ,52,66,TRUE,1,1.743311137,248,backward
Logistics_ThirdQ,52,66,TRUE,2,1.697162584,248,backward
Logistics_ThirdQ,52,66,TRUE,3,1.707192924,248,backward
Logistics_ThirdQ,52,66,TRUE,4,1.709321873,248,backward
Logistics_ThirdQ,52,66,TRUE,1,3.711508585,141,noncausal
Logistics_ThirdQ,52,66,TRUE,2,3.633174345,141,noncausal
Logistics_ThirdQ,52,66,TRUE,3,3.640947164,141,noncausal
Logistics_ThirdQ,52,66,TRUE,4,3.644661814,141,noncausal
Logistics_ThirdQ,53,66,FALSE,1,0.236609747,132,forward
Logistics_ThirdQ,53,66,FALSE,2,0.238290063,132,forward
Logistics_ThirdQ,53,66,FALSE,3,0.238304488,132,forward
Logistics_ThirdQ,53,66,FALSE,1,1.537899206,221,backward
Logistics_ThirdQ,53,66,FALSE,2,1.547014656,221,backward
Logistics_ThirdQ,53,66,FALSE,3,1.544148851,221,backward
Logistics_ThirdQ,53,66,FALSE,1,3.327744131,132,noncausal
Logistics_ThirdQ,53,66,FALSE,2,3.331531453,132,noncausal
Logistics_ThirdQ,53,66,FALSE,3,3.317049193,132,noncausal
Logistics_ThirdQ,53,66,TRUE,1,1.912905906,132,forward
Logistics_ThirdQ,53,66,TRUE,2,0.221216382,132,forward
Logistics_ThirdQ,53,66,TRUE,3,0.219361677,132,forward
Logistics_ThirdQ,53,66,TRUE,4,0.218842366,132,forward
Logistics_ThirdQ,53,66,TRUE,1,1.593441176,221,backward
Logistics_ThirdQ,53,66,TRUE,2,1.565174569,221,backward
Logistics_ThirdQ,53,66,TRUE,3,1.564661737,221,backward
Logistics_ThirdQ,53,66,TRUE,4,1.605777456,221,backward
Logistics_ThirdQ,53,66,TRUE,1,3.450718804,132,noncausal
Logistics_ThirdQ,53,66,TRUE,2,3.397223908,132,noncausal
Logistics_ThirdQ,53,66,TRUE,3,3.350283262,132,noncausal
Logistics_ThirdQ,53,66,TRUE,4,3.36008098,132,noncausal
Logistics_ThirdQ,54,66,FALSE,1,0.236122518,144,forward
Logistics_ThirdQ,54,66,FALSE,2,0.2390848,144,forward
Logistics_ThirdQ,54,66,FALSE,3,0.240411796,144,forward
Logistics_ThirdQ,54,66,FALSE,1,1.696950671,248,backward
Logistics_ThirdQ,54,66,FALSE,2,1.700902108,248,backward
Logistics_ThirdQ,54,66,FALSE,3,1.698495724,248,backward
Logistics_ThirdQ,54,66,FALSE,1,3.685124026,144,noncausal
Logistics_ThirdQ,54,66,FALSE,2,3.685675679,144,noncausal
Logistics_ThirdQ,54,66,FALSE,3,3.68850477,144,noncausal
Logistics_ThirdQ,54,66,TRUE,1,1.94763656,144,forward
Logistics_ThirdQ,54,66,TRUE,2,0.220369965,144,forward
Logistics_ThirdQ,54,66,TRUE,3,0.219267678,144,forward
Logistics_ThirdQ,54,66,TRUE,4,0.219343028,144,forward
Logistics_ThirdQ,54,66,TRUE,1,1.750117623,248,backward
Logistics_ThirdQ,54,66,TRUE,2,1.72446071,248,backward
Logistics_ThirdQ,54,66,TRUE,3,1.788293632,248,backward
Logistics_ThirdQ,54,66,TRUE,4,1.751492823,248,backward
Logistics_ThirdQ,54,66,TRUE,1,3.806045801,144,noncausal
Logistics_ThirdQ,54,66,TRUE,2,3.712976817,144,noncausal
Logistics_ThirdQ,54,66,TRUE,3,3.722310387,144,noncausal
Logistics_ThirdQ,54,66,TRUE,4,3.728320526,144,noncausal
Logistics_ThirdQ,55,66,FALSE,1,0.238376181,138,forward
Logistics_ThirdQ,55,66,FALSE,2,0.239326255,138,forward
Logistics_ThirdQ,55,66,FALSE,3,0.239166254,138,forward
Logistics_ThirdQ,55,66,FALSE,1,1.61313053,233,backward
Logistics_ThirdQ,55,66,FALSE,2,1.618948265,233,backward
Logistics_ThirdQ,55,66,FALSE,3,1.614233256,233,backward
Logistics_ThirdQ,55,66,FALSE,1,3.515199069,138,noncausal
Logistics_ThirdQ,55,66,FALSE,2,3.502198796,138,noncausal
Logistics_ThirdQ,55,66,FALSE,3,3.505520059,138,noncausal
Logistics_ThirdQ,55,66,TRUE,1,1.922576144,138,forward
Logistics_ThirdQ,55,66,TRUE,2,0.221828956,138,forward
Logistics_ThirdQ,55,66,TRUE,3,0.220675469,138,forward
Logistics_ThirdQ,55,66,TRUE,4,0.219874028,138,forward
Logistics_ThirdQ,55,66,TRUE,1,1.666291684,233,backward
Logistics_ThirdQ,55,66,TRUE,2,1.633188235,233,backward
Logistics_ThirdQ,55,66,TRUE,3,1.628749369,233,backward
Logistics_ThirdQ,55,66,TRUE,4,1.626903232,233,backward
Logistics_ThirdQ,55,66,TRUE,1,3.562230654,138,noncausal
Logistics_ThirdQ,55,66,TRUE,2,3.512621239,138,noncausal
Logistics_ThirdQ,55,66,TRUE,3,3.520309004,138,noncausal
Logistics_ThirdQ,55,66,TRUE,4,3.60862807,138,noncausal
Logistics_ThirdQ,56,66,FALSE,1,0.23659471,132,forward
Logistics_ThirdQ,56,66,FALSE,2,0.23981922,132,forward
Logistics_ThirdQ,56,66,FALSE,3,0.239162172,132,forward
Logistics_ThirdQ,56,66,FALSE,1,1.5534832,225,backward
Logistics_ThirdQ,56,66,FALSE,2,1.65181846,225,backward
Logistics_ThirdQ,56,66,FALSE,3,1.544424685,225,backward
Logistics_ThirdQ,56,66,FALSE,1,3.281288598,132,noncausal
Logistics_ThirdQ,56,66,FALSE,2,3.326763148,132,noncausal
Logistics_ThirdQ,56,66,FALSE,3,3.342978652,132,noncausal
Logistics_ThirdQ,56,66,TRUE,1,1.893906593,132,forward
Logistics_ThirdQ,56,66,TRUE,2,0.218771741,132,forward
Logistics_ThirdQ,56,66,TRUE,3,0.218936842,132,forward
Logistics_ThirdQ,56,66,TRUE,4,0.216798159,132,forward
Logistics_ThirdQ,56,66,TRUE,1,1.607523104,225,backward
Logistics_ThirdQ,56,66,TRUE,2,1.579343816,225,backward
Logistics_ThirdQ,56,66,TRUE,3,1.569322756,225,backward
Logistics_ThirdQ,56,66,TRUE,4,1.571117577,225,backward
Logistics_ThirdQ,56,66,TRUE,1,3.369089816,132,noncausal
Logistics_ThirdQ,56,66,TRUE,2,3.304653906,132,noncausal
Logistics_ThirdQ,56,66,TRUE,3,3.30133977,132,noncausal
Logistics_ThirdQ,56,66,TRUE,4,3.32148868,132,noncausal
Logistics_ThirdQ,57,73,FALSE,1,0.307615045,158,forward
Logistics_ThirdQ,57,73,FALSE,2,0.293560474,158,forward
Logistics_ThirdQ,57,73,FALSE,3,0.293434943,158,forward
Logistics_ThirdQ,57,73,FALSE,1,2.495019797,270,backward
Logistics_ThirdQ,57,73,FALSE,2,2.506743444,270,backward
Logistics_ThirdQ,57,73,FALSE,3,2.503585276,270,backward
Logistics_ThirdQ,57,73,FALSE,1,5.376929249,158,noncausal
Logistics_ThirdQ,57,73,FALSE,2,5.38200662,158,noncausal
Logistics_ThirdQ,57,73,FALSE,3,5.382590986,158,noncausal
Logistics_ThirdQ,57,73,TRUE,1,1.976045638,158,forward
Logistics_ThirdQ,57,73,TRUE,2,0.293737028,158,forward
Logistics_ThirdQ,57,73,TRUE,3,0.292228268,158,forward
Logistics_ThirdQ,57,73,TRUE,4,0.292177627,158,forward
Logistics_ThirdQ,57,73,TRUE,1,2.585525602,270,backward
Logistics_ThirdQ,57,73,TRUE,2,2.532150381,270,backward
Logistics_ThirdQ,57,73,TRUE,3,2.526909716,270,backward
Logistics_ThirdQ,57,73,TRUE,4,2.531523805,270,backward
Logistics_ThirdQ,57,73,TRUE,1,5.492410343,158,noncausal
Logistics_ThirdQ,57,73,TRUE,2,5.405754846,158,noncausal
Logistics_ThirdQ,57,73,TRUE,3,5.408204954,158,noncausal
Logistics_ThirdQ,57,73,TRUE,4,5.407414359,158,noncausal
Logistics_ThirdQ,58,73,FALSE,1,0.337110207,146,forward
Logistics_ThirdQ,58,73,FALSE,2,0.286787965,146,forward
Logistics_ThirdQ,58,73,FALSE,3,0.294384893,146,forward
Logistics_ThirdQ,58,73,FALSE,1,2.234567373,236,backward
Logistics_ThirdQ,58,73,FALSE,2,2.24226351,236,backward
Logistics_ThirdQ,58,73,FALSE,3,2.23995089,236,backward
Logistics_ThirdQ,58,73,FALSE,1,4.943058343,146,noncausal
Logistics_ThirdQ,58,73,FALSE,2,4.938867167,146,noncausal
Logistics_ThirdQ,58,73,FALSE,3,4.937894938,146,noncausal
Logistics_ThirdQ,58,73,TRUE,1,1.994851862,146,forward
Logistics_ThirdQ,58,73,TRUE,2,0.293819067,146,forward
Logistics_ThirdQ,58,73,TRUE,3,0.292714893,146,forward
Logistics_ThirdQ,58,73,TRUE,4,0.293675412,146,forward
Logistics_ThirdQ,58,73,TRUE,1,2.312593845,236,backward
Logistics_ThirdQ,58,73,TRUE,2,2.331751711,236,backward
Logistics_ThirdQ,58,73,TRUE,3,2.337232201,236,backward
Logistics_ThirdQ,58,73,TRUE,4,2.318646962,236,backward
Logistics_ThirdQ,58,73,TRUE,1,5.247231496,146,noncausal
Logistics_ThirdQ,58,73,TRUE,2,5.157532557,146,noncausal
Logistics_ThirdQ,58,73,TRUE,3,5.078997014,146,noncausal
Logistics_ThirdQ,58,73,TRUE,4,5.021009914,146,noncausal
Logistics_ThirdQ,59,73,FALSE,1,0.374303346,171,forward
Logistics_ThirdQ,59,73,FALSE,2,0.312873749,171,forward
Logistics_ThirdQ,59,73,FALSE,3,0.324351898,171,forward
Logistics_ThirdQ,59,73,FALSE,1,2.737162326,291,backward
Logistics_ThirdQ,59,73,FALSE,2,2.685827367,291,backward
Logistics_ThirdQ,59,73,FALSE,3,2.73114157,291,backward
Logistics_ThirdQ,59,73,FALSE,1,5.930986642,171,noncausal
Logistics_ThirdQ,59,73,FALSE,2,5.888554253,171,noncausal
Logistics_ThirdQ,59,73,FALSE,3,5.957428685,171,noncausal
Logistics_ThirdQ,59,73,TRUE,1,2.02939973,171,forward
Logistics_ThirdQ,59,73,TRUE,2,0.298201698,171,forward
Logistics_ThirdQ,59,73,TRUE,3,0.304473251,171,forward
Logistics_ThirdQ,59,73,TRUE,4,0.30082612,171,forward
Logistics_ThirdQ,59,73,TRUE,1,2.86517519,291,backward
Logistics_ThirdQ,59,73,TRUE,2,2.847172569,291,backward
Logistics_ThirdQ,59,73,TRUE,3,2.925341797,291,backward
Logistics_ThirdQ,59,73,TRUE,4,2.909222645,291,backward
Logistics_ThirdQ,59,73,TRUE,1,6.211001439,171,noncausal
Logistics_ThirdQ,59,73,TRUE,2,5.942496473,171,noncausal
Logistics_ThirdQ,59,73,TRUE,3,5.933180737,171,noncausal
Logistics_ThirdQ,59,73,TRUE,4,5.948087967,171,noncausal
Logistics_ThirdQ,60,73,FALSE,1,0.34378429,148,forward
Logistics_ThirdQ,60,73,FALSE,2,0.293777071,148,forward
Logistics_ThirdQ,60,73,FALSE,3,0.299396052,148,forward
Logistics_ThirdQ,60,73,FALSE,1,2.363204763,254,backward
Logistics_ThirdQ,60,73,FALSE,2,2.372806228,254,backward
Logistics_ThirdQ,60,73,FALSE,3,2.368869179,254,backward
Logistics_ThirdQ,60,73,FALSE,1,5.103318733,148,noncausal
Logistics_ThirdQ,60,73,FALSE,2,4.985043324,148,noncausal
Logistics_ThirdQ,60,73,FALSE,3,4.992148637,148,noncausal
Logistics_ThirdQ,60,73,TRUE,1,1.979593684,148,forward
Logistics_ThirdQ,60,73,TRUE,2,0.299150251,148,forward
Logistics_ThirdQ,60,73,TRUE,3,0.298402465,148,forward
Logistics_ThirdQ,60,73,TRUE,4,0.299048119,148,forward
Logistics_ThirdQ,60,73,TRUE,1,2.433716479,254,backward
Logistics_ThirdQ,60,73,TRUE,2,2.371265718,254,backward
Logistics_ThirdQ,60,73,TRUE,3,2.365659051,254,backward
Logistics_ThirdQ,60,73,TRUE,4,2.375738958,254,backward
Logistics_ThirdQ,60,73,TRUE,1,5.075149037,148,noncausal
Logistics_ThirdQ,60,73,TRUE,2,5.015895135,148,noncausal
Logistics_ThirdQ,60,73,TRUE,3,4.999110075,148,noncausal
Logistics_ThirdQ,60,73,TRUE,4,5.017264424,148,noncausal
Logistics_FourthQ,61,73,FALSE,1,0.34857953,167,forward
Logistics_FourthQ,61,73,FALSE,2,0.292707607,167,forward
Logistics_FourthQ,61,73,FALSE,3,0.299049126,167,forward
Logistics_FourthQ,61,73,FALSE,1,2.627517828,284,backward
Logistics_FourthQ,61,73,FALSE,2,2.639527674,284,backward
Logistics_FourthQ,61,73,FALSE,3,2.630390784,284,backward
Logistics_FourthQ,61,73,FALSE,1,5.6894059,167,noncausal
Logistics_FourthQ,61,73,FALSE,2,5.705205405,167,noncausal
Logistics_FourthQ,61,73,FALSE,3,5.698433947,167,noncausal
Logistics_FourthQ,61,73,TRUE,1,1.979514136,167,forward
Logistics_FourthQ,61,73,TRUE,2,0.299271735,167,forward
Logistics_FourthQ,61,73,TRUE,3,0.299048178,167,forward
Logistics_FourthQ,61,73,TRUE,4,0.297950161,167,forward
Logistics_FourthQ,61,73,TRUE,1,2.7123526,284,backward
Logistics_FourthQ,61,73,TRUE,2,2.644449411,284,backward
Logistics_FourthQ,61,73,TRUE,3,2.639096022,284,backward
Logistics_FourthQ,61,73,TRUE,4,2.652723012,284,backward
Logistics_FourthQ,61,73,TRUE,1,5.821140815,167,noncausal
Logistics_FourthQ,61,73,TRUE,2,5.74013459,167,noncausal
Logistics_FourthQ,61,73,TRUE,3,5.779155024,167,noncausal
Logistics_FourthQ,61,73,TRUE,4,5.766774182,167,noncausal
Logistics_FourthQ,62,73,FALSE,1,0.34664931,175,forward
Logistics_FourthQ,62,73,FALSE,2,0.292931693,175,forward
Logistics_FourthQ,62,73,FALSE,3,0.304177321,175,forward
Logistics_FourthQ,62,73,FALSE,1,2.820265921,309,backward
Logistics_FourthQ,62,73,FALSE,2,2.830533157,309,backward
Logistics_FourthQ,62,73,FALSE,3,2.814625052,309,backward
Logistics_FourthQ,62,73,FALSE,1,5.989971624,175,noncausal
Logistics_FourthQ,62,73,FALSE,2,5.975958951,175,noncausal
Logistics_FourthQ,62,73,FALSE,3,5.986669477,175,noncausal
Logistics_FourthQ,62,73,TRUE,1,1.98673015,175,forward
Logistics_FourthQ,62,73,TRUE,2,0.300450571,175,forward
Logistics_FourthQ,62,73,TRUE,3,0.300843678,175,forward
Logistics_FourthQ,62,73,TRUE,4,0.300644035,175,forward
Logistics_FourthQ,62,73,TRUE,1,2.895846501,309,backward
Logistics_FourthQ,62,73,TRUE,2,2.846593538,309,backward
Logistics_FourthQ,62,73,TRUE,3,2.837862665,309,backward
Logistics_FourthQ,62,73,TRUE,4,2.834554666,309,backward
Logistics_FourthQ,62,73,TRUE,1,6.065493881,175,noncausal
Logistics_FourthQ,62,73,TRUE,2,6.003475613,175,noncausal
Logistics_FourthQ,62,73,TRUE,3,6.016178349,175,noncausal
Logistics_FourthQ,62,73,TRUE,4,6.094736298,175,noncausal
Logistics_FourthQ,63,80,FALSE,1,0.441373809,170,forward
Logistics_FourthQ,63,80,FALSE,2,0.415844307,170,forward
Logistics_FourthQ,63,80,FALSE,3,0.415282867,170,forward
Logistics_FourthQ,63,80,FALSE,1,3.474566414,296,backward
Logistics_FourthQ,63,80,FALSE,2,3.468910037,296,backward
Logistics_FourthQ,63,80,FALSE,3,3.441106439,296,backward
Logistics_FourthQ,63,80,FALSE,1,7.525749133,170,noncausal
Logistics_FourthQ,63,80,FALSE,2,7.548810116,170,noncausal
Logistics_FourthQ,63,80,FALSE,3,7.50422342,170,noncausal
Logistics_FourthQ,63,80,TRUE,1,2.141805392,170,forward
Logistics_FourthQ,63,80,TRUE,2,0.415891641,170,forward
Logistics_FourthQ,63,80,TRUE,3,0.412161746,170,forward
Logistics_FourthQ,63,80,TRUE,4,0.411762218,170,forward
Logistics_FourthQ,63,80,TRUE,1,3.536166121,296,backward
Logistics_FourthQ,63,80,TRUE,2,3.443053688,296,backward
Logistics_FourthQ,63,80,TRUE,3,3.45619013,296,backward
Logistics_FourthQ,63,80,TRUE,4,3.443896433,296,backward
Logistics_FourthQ,63,80,TRUE,1,7.563322013,170,noncausal
Logistics_FourthQ,63,80,TRUE,2,7.52095492,170,noncausal
Logistics_FourthQ,63,80,TRUE,3,7.548916551,170,noncausal
Logistics_FourthQ,63,80,TRUE,4,7.503945764,170,noncausal
Logistics_FourthQ,64,80,FALSE,1,0.465125619,169,forward
Logistics_FourthQ,64,80,FALSE,2,0.414118237,169,forward
Logistics_FourthQ,64,80,FALSE,3,0.414158227,169,forward
Logistics_FourthQ,64,80,FALSE,1,3.383881415,290,backward
Logistics_FourthQ,64,80,FALSE,2,3.387730873,290,backward
Logistics_FourthQ,64,80,FALSE,3,3.3874341,290,backward
Logistics_FourthQ,64,80,FALSE,1,7.482293318,169,noncausal
Logistics_FourthQ,64,80,FALSE,2,7.517890479,169,noncausal
Logistics_FourthQ,64,80,FALSE,3,7.483036071,169,noncausal
Logistics_FourthQ,64,80,TRUE,1,2.061311191,169,forward
Logistics_FourthQ,64,80,TRUE,2,0.409556222,169,forward
Logistics_FourthQ,64,80,TRUE,3,0.405726143,169,forward
Logistics_FourthQ,64,80,TRUE,4,0.405419477,169,forward
Logistics_FourthQ,64,80,TRUE,1,3.440982765,290,backward
Logistics_FourthQ,64,80,TRUE,2,3.359245015,290,backward
Logistics_FourthQ,64,80,TRUE,3,3.354464048,290,backward
Logistics_FourthQ,64,80,TRUE,4,3.363212217,290,backward
Logistics_FourthQ,64,80,TRUE,1,7.497886354,169,noncausal
Logistics_FourthQ,64,80,TRUE,2,7.394790374,169,noncausal
Logistics_FourthQ,64,80,TRUE,3,7.402648432,169,noncausal
Logistics_FourthQ,64,80,TRUE,4,7.581293775,169,noncausal
Logistics_FourthQ,65,80,FALSE,1,0.45615027,170,forward
Logistics_FourthQ,65,80,FALSE,2,0.405546205,170,forward
Logistics_FourthQ,65,80,FALSE,3,0.406371264,170,forward
Logistics_FourthQ,65,80,FALSE,1,3.350584764,290,backward
Logistics_FourthQ,65,80,FALSE,2,3.340597133,290,backward
Logistics_FourthQ,65,80,FALSE,3,3.340736938,290,backward
Logistics_FourthQ,65,80,FALSE,1,7.393379638,170,noncausal
Logistics_FourthQ,65,80,FALSE,2,7.365066489,170,noncausal
Logistics_FourthQ,65,80,FALSE,3,7.367274102,170,noncausal
Logistics_FourthQ,65,80,TRUE,1,2.068704408,170,forward
Logistics_FourthQ,65,80,TRUE,2,0.408125121,170,forward
Logistics_FourthQ,65,80,TRUE,3,0.404670617,170,forward
Logistics_FourthQ,65,80,TRUE,4,0.405108145,170,forward
Logistics_FourthQ,65,80,TRUE,1,3.450587964,290,backward
Logistics_FourthQ,65,80,TRUE,2,3.368363306,290,backward
Logistics_FourthQ,65,80,TRUE,3,3.375416519,290,backward
Logistics_FourthQ,65,80,TRUE,4,3.372624556,290,backward
Logistics_FourthQ,65,80,TRUE,1,7.492394082,170,noncausal
Logistics_FourthQ,65,80,TRUE,2,7.392261101,170,noncausal
Logistics_FourthQ,65,80,TRUE,3,7.379131811,170,noncausal
Logistics_FourthQ,65,80,TRUE,4,7.402494999,170,noncausal
Logistics_FourthQ,66,80,FALSE,1,0.458470679,177,forward
Logistics_FourthQ,66,80,FALSE,2,0.409548941,177,forward
Logistics_FourthQ,66,80,FALSE,3,0.407249949,177,forward
Logistics_FourthQ,66,80,FALSE,1,3.409427949,292,backward
Logistics_FourthQ,66,80,FALSE,2,3.416161858,292,backward
Logistics_FourthQ,66,80,FALSE,3,3.414184874,292,backward
Logistics_FourthQ,66,80,FALSE,1,7.76768282,177,noncausal
Logistics_FourthQ,66,80,FALSE,2,7.76671072,177,noncausal
Logistics_FourthQ,66,80,FALSE,3,7.786326232,177,noncausal
Logistics_FourthQ,66,80,TRUE,1,2.066640062,177,forward
Logistics_FourthQ,66,80,TRUE,2,0.409527614,177,forward
Logistics_FourthQ,66,80,TRUE,3,0.406084278,177,forward
Logistics_FourthQ,66,80,TRUE,4,0.406191317,177,forward
Logistics_FourthQ,66,80,TRUE,1,3.511247148,292,backward
Logistics_FourthQ,66,80,TRUE,2,3.439604065,292,backward
Logistics_FourthQ,66,80,TRUE,3,3.429343159,292,backward
Logistics_FourthQ,66,80,TRUE,4,3.437228305,292,backward
Logistics_FourthQ,66,80,TRUE,1,7.857578908,177,noncausal
Logistics_FourthQ,66,80,TRUE,2,7.741011594,177,noncausal
Logistics_FourthQ,66,80,TRUE,3,7.746266369,177,noncausal
Logistics_FourthQ,66,80,TRUE,4,7.763166072,177,noncausal
Logistics_FourthQ,67,80,FALSE,1,0.458837934,177,forward
Logistics_FourthQ,67,80,FALSE,2,0.407140352,177,forward
Logistics_FourthQ,67,80,FALSE,3,0.409970455,177,forward
Logistics_FourthQ,67,80,FALSE,1,3.365630248,287,backward
Logistics_FourthQ,67,80,FALSE,2,3.362365667,287,backward
Logistics_FourthQ,67,80,FALSE,3,3.356372188,287,backward
Logistics_FourthQ,67,80,FALSE,1,7.756079232,177,noncausal
Logistics_FourthQ,67,80,FALSE,2,7.767250621,177,noncausal
Logistics_FourthQ,67,80,FALSE,3,7.727002291,177,noncausal
Logistics_FourthQ,67,80,TRUE,1,2.071670947,177,forward
Logistics_FourthQ,67,80,TRUE,2,0.409289224,177,forward
Logistics_FourthQ,67,80,TRUE,3,0.40648636,177,forward
Logistics_FourthQ,67,80,TRUE,4,0.405725665,177,forward
Logistics_FourthQ,67,80,TRUE,1,3.464703448,287,backward
Logistics_FourthQ,67,80,TRUE,2,3.380944266,287,backward
Logistics_FourthQ,67,80,TRUE,3,3.380401712,287,backward
Logistics_FourthQ,67,80,TRUE,4,3.375481063,287,backward
Logistics_FourthQ,67,80,TRUE,1,7.83862249,177,noncausal
Logistics_FourthQ,67,80,TRUE,2,7.811500301,177,noncausal
Logistics_FourthQ,67,80,TRUE,3,7.803198258,177,noncausal
Logistics_FourthQ,67,80,TRUE,4,7.748436514,177,noncausal
Logistics_FourthQ,68,80,FALSE,1,0.457956133,185,forward
Logistics_FourthQ,68,80,FALSE,2,0.404383367,185,forward
Logistics_FourthQ,68,80,FALSE,3,0.405584835,185,forward
Logistics_FourthQ,68,80,FALSE,1,3.615811716,315,backward
Logistics_FourthQ,68,80,FALSE,2,3.615892602,315,backward
Logistics_FourthQ,68,80,FALSE,3,3.61749393,315,backward
Logistics_FourthQ,68,80,FALSE,1,8.118109108,185,noncausal
Logistics_FourthQ,68,80,FALSE,2,8.117985494,185,noncausal
Logistics_FourthQ,68,80,FALSE,3,8.092026111,185,noncausal
Logistics_FourthQ,68,80,TRUE,1,2.076738661,185,forward
Logistics_FourthQ,68,80,TRUE,2,0.410369218,185,forward
Logistics_FourthQ,68,80,TRUE,3,0.40690625,185,forward
Logistics_FourthQ,68,80,TRUE,4,0.407222987,185,forward
Logistics_FourthQ,68,80,TRUE,1,3.734712031,315,backward
Logistics_FourthQ,68,80,TRUE,2,3.618739761,315,backward
Logistics_FourthQ,68,80,TRUE,3,3.62229571,315,backward
Logistics_FourthQ,68,80,TRUE,4,3.620630066,315,backward
Logistics_FourthQ,68,80,TRUE,1,8.156831472,185,noncausal
Logistics_FourthQ,68,80,TRUE,2,8.110126613,185,noncausal
Logistics_FourthQ,68,80,TRUE,3,8.125535153,185,noncausal
Logistics_FourthQ,68,80,TRUE,4,8.152104904,185,noncausal
Logistics_FourthQ,69,87,FALSE,1,0.5635814,184,forward
Logistics_FourthQ,69,87,FALSE,2,0.540031787,184,forward
Logistics_FourthQ,69,87,FALSE,3,0.540285907,184,forward
Logistics_FourthQ,69,87,FALSE,1,4.736351876,307,backward
Logistics_FourthQ,69,87,FALSE,2,4.715607369,307,backward
Logistics_FourthQ,69,87,FALSE,3,4.712932082,307,backward
Logistics_FourthQ,69,87,FALSE,1,10.60728913,184,noncausal
Logistics_FourthQ,69,87,FALSE,2,10.62139813,184,noncausal
Logistics_FourthQ,69,87,FALSE,3,10.56395991,184,noncausal
Logistics_FourthQ,69,87,TRUE,1,2.283330054,184,forward
Logistics_FourthQ,69,87,TRUE,2,0.546963741,184,forward
Logistics_FourthQ,69,87,TRUE,3,0.540028257,184,forward
Logistics_FourthQ,69,87,TRUE,4,0.539633905,184,forward
Logistics_FourthQ,69,87,TRUE,1,4.743115636,307,backward
Logistics_FourthQ,69,87,TRUE,2,4.677605243,307,backward
Logistics_FourthQ,69,87,TRUE,3,4.680716363,307,backward
Logistics_FourthQ,69,87,TRUE,4,4.67538987,307,backward
Logistics_FourthQ,69,87,TRUE,1,10.58835081,184,noncausal
Logistics_FourthQ,69,87,TRUE,2,10.74003133,184,noncausal
Logistics_FourthQ,69,87,TRUE,3,10.74075761,184,noncausal
Logistics_FourthQ,69,87,TRUE,4,10.61993643,184,noncausal
Logistics_FourthQ,70,87,FALSE,1,0.594376527,180,forward
Logistics_FourthQ,70,87,FALSE,2,0.546890535,180,forward
Logistics_FourthQ,70,87,FALSE,3,0.545260724,180,forward
Logistics_FourthQ,70,87,FALSE,1,4.663829856,299,backward
Logistics_FourthQ,70,87,FALSE,2,4.623137659,299,backward
Logistics_FourthQ,70,87,FALSE,3,4.556589682,299,backward
Logistics_FourthQ,70,87,FALSE,1,10.3878819,180,noncausal
Logistics_FourthQ,70,87,FALSE,2,10.40732171,180,noncausal
Logistics_FourthQ,70,87,FALSE,3,10.41981675,180,noncausal
Logistics_FourthQ,70,87,TRUE,1,2.24598656,180,forward
Logistics_FourthQ,70,87,TRUE,2,0.552468983,180,forward
Logistics_FourthQ,70,87,TRUE,3,0.545967284,180,forward
Logistics_FourthQ,70,87,TRUE,4,0.546280066,180,forward
Logistics_FourthQ,70,87,TRUE,1,4.621714328,299,backward
Logistics_FourthQ,70,87,TRUE,2,4.556989422,299,backward
Logistics_FourthQ,70,87,TRUE,3,4.559836706,299,backward
Logistics_FourthQ,70,87,TRUE,4,4.557350973,299,backward
Logistics_FourthQ,70,87,TRUE,1,10.42406677,180,noncausal
Logistics_FourthQ,70,87,TRUE,2,10.45944861,180,noncausal
Logistics_FourthQ,70,87,TRUE,3,10.44490135,180,noncausal
Logistics_FourthQ,70,87,TRUE,4,10.34540735,180,noncausal
Logistics_FourthQ,71,87,FALSE,1,0.588135915,174,forward
Logistics_FourthQ,71,87,FALSE,2,0.542672725,174,forward
Logistics_FourthQ,71,87,FALSE,3,0.543329968,174,forward
Logistics_FourthQ,71,87,FALSE,1,4.334373449,283,backward
Logistics_FourthQ,71,87,FALSE,2,4.414724528,283,backward
Logistics_FourthQ,71,87,FALSE,3,4.381199012,283,backward
Logistics_FourthQ,71,87,FALSE,1,9.896393669,174,noncausal
Logistics_FourthQ,71,87,FALSE,2,9.85474343,174,noncausal
Logistics_FourthQ,71,87,FALSE,3,9.860955601,174,noncausal
Logistics_FourthQ,71,87,TRUE,1,2.222509271,174,forward
Logistics_FourthQ,71,87,TRUE,2,0.545920273,174,forward
Logistics_FourthQ,71,87,TRUE,3,0.542971623,174,forward
Logistics_FourthQ,71,87,TRUE,4,0.540367381,174,forward
Logistics_FourthQ,71,87,TRUE,1,4.399886218,283,backward
Logistics_FourthQ,71,87,TRUE,2,4.347622049,283,backward
Logistics_FourthQ,71,87,TRUE,3,4.345843331,283,backward
Logistics_FourthQ,71,87,TRUE,4,4.335755907,283,backward
Logistics_FourthQ,71,87,TRUE,1,9.895936197,174,noncausal
Logistics_FourthQ,71,87,TRUE,2,9.895865852,174,noncausal
Logistics_FourthQ,71,87,TRUE,3,9.896318592,174,noncausal
Logistics_FourthQ,71,87,TRUE,4,9.862044571,174,noncausal
Logistics_FourthQ,72,87,FALSE,1,0.590403789,184,forward
Logistics_FourthQ,72,87,FALSE,2,0.543077244,184,forward
Logistics_FourthQ,72,87,FALSE,3,0.541044968,184,forward
Logistics_FourthQ,72,87,FALSE,1,4.571603295,293,backward
Logistics_FourthQ,72,87,FALSE,2,4.617634651,293,backward
Logistics_FourthQ,72,87,FALSE,3,4.604820616,293,backward
Logistics_FourthQ,72,87,FALSE,1,10.58286291,184,noncausal
Logistics_FourthQ,72,87,FALSE,2,10.60267464,184,noncausal
Logistics_FourthQ,72,87,FALSE,3,10.56811018,184,noncausal
Logistics_FourthQ,72,87,TRUE,1,2.240187145,184,forward
Logistics_FourthQ,72,87,TRUE,2,0.546952194,184,forward
Logistics_FourthQ,72,87,TRUE,3,0.541834276,184,forward
Logistics_FourthQ,72,87,TRUE,4,0.540411492,184,forward
Logistics_FourthQ,72,87,TRUE,1,4.674195285,293,backward
Logistics_FourthQ,72,87,TRUE,2,4.623613526,293,backward
Logistics_FourthQ,72,87,TRUE,3,4.625982519,293,backward
Logistics_FourthQ,72,87,TRUE,4,4.651826353,293,backward
Logistics_FourthQ,72,87,TRUE,1,10.64854717,184,noncausal
Logistics_FourthQ,72,87,TRUE,2,10.63529,184,noncausal
Logistics_FourthQ,72,87,TRUE,3,10.62695849,184,noncausal
Logistics_FourthQ,72,87,TRUE,4,10.65735641,184,noncausal
Logistics_FourthQ,73,87,FALSE,1,0.593554552,188,forward
Logistics_FourthQ,73,87,FALSE,2,0.546026522,188,forward
Logistics_FourthQ,73,87,FALSE,3,0.544557737,188,forward
Logistics_FourthQ,73,87,FALSE,1,4.674995078,303,backward
Logistics_FourthQ,73,87,FALSE,2,4.686605946,303,backward
Logistics_FourthQ,73,87,FALSE,3,4.685392149,303,backward
Logistics_FourthQ,73,87,FALSE,1,10.809629,188,noncausal
Logistics_FourthQ,73,87,FALSE,2,10.74444319,188,noncausal
Logistics_FourthQ,73,87,FALSE,3,10.82130228,188,noncausal
Logistics_FourthQ,73,87,TRUE,1,2.227433091,188,forward
Logistics_FourthQ,73,87,TRUE,2,0.553019191,188,forward
Logistics_FourthQ,73,87,TRUE,3,0.543439766,188,forward
Logistics_FourthQ,73,87,TRUE,4,0.544040115,188,forward
Logistics_FourthQ,73,87,TRUE,1,4.773958078,303,backward
Logistics_FourthQ,73,87,TRUE,2,4.689073192,303,backward
Logistics_FourthQ,73,87,TRUE,3,4.685440635,303,backward
Logistics_FourthQ,73,87,TRUE,4,4.685677514,303,backward
Logistics_FourthQ,73,87,TRUE,1,10.78514997,188,noncausal
Logistics_FourthQ,73,87,TRUE,2,10.79804402,188,noncausal
Logistics_FourthQ,73,87,TRUE,3,10.73066853,188,noncausal
Logistics_FourthQ,73,87,TRUE,4,10.78547884,188,noncausal
Logistics_FourthQ,74,87,FALSE,1,0.592944641,202,forward
Logistics_FourthQ,74,87,FALSE,2,0.545621516,202,forward
Logistics_FourthQ,74,87,FALSE,3,0.545983157,202,forward
Logistics_FourthQ,74,87,FALSE,1,5.284741642,348,backward
Logistics_FourthQ,74,87,FALSE,2,5.284208008,348,backward
Logistics_FourthQ,74,87,FALSE,3,5.284123181,348,backward
Logistics_FourthQ,74,87,FALSE,1,11.79709995,202,noncausal
Logistics_FourthQ,74,87,FALSE,2,11.71137719,202,noncausal
Logistics_FourthQ,74,87,FALSE,3,11.75607353,202,noncausal
Logistics_FourthQ,74,87,TRUE,1,2.248384617,202,forward
Logistics_FourthQ,74,87,TRUE,2,0.549768278,202,forward
Logistics_FourthQ,74,87,TRUE,3,0.54351661,202,forward
Logistics_FourthQ,74,87,TRUE,4,0.545023084,202,forward
Logistics_FourthQ,74,87,TRUE,1,5.303637117,348,backward
Logistics_FourthQ,74,87,TRUE,2,5.216033611,348,backward
Logistics_FourthQ,74,87,TRUE,3,5.220031036,348,backward
Logistics_FourthQ,74,87,TRUE,4,5.221121421,348,backward
Logistics_FourthQ,74,87,TRUE,1,11.82745236,202,noncausal
Logistics_FourthQ,74,87,TRUE,2,11.73992335,202,noncausal
Logistics_FourthQ,74,87,TRUE,3,11.76671812,202,noncausal
Logistics_FourthQ,74,87,TRUE,4,11.77303063,202,noncausal
Logistics_FourthQ,75,95,FALSE,1,0.760580247,212,forward
Logistics_FourthQ,75,95,FALSE,2,0.73242159,212,forward
Logistics_FourthQ,75,95,FALSE,3,0.734955319,212,forward
Logistics_FourthQ,75,95,FALSE,1,6.964121772,350,backward
Logistics_FourthQ,75,95,FALSE,2,6.965350762,350,backward
Logistics_FourthQ,75,95,FALSE,3,6.950214685,350,backward
Logistics_FourthQ,75,95,FALSE,1,16.6471841,212,noncausal
Logistics_FourthQ,75,95,FALSE,2,16.5554625,212,noncausal
Logistics_FourthQ,75,95,FALSE,3,16.52653056,212,noncausal
Logistics_FourthQ,75,95,TRUE,1,2.506290859,212,forward
Logistics_FourthQ,75,95,TRUE,2,0.741051832,212,forward
Logistics_FourthQ,75,95,TRUE,3,0.733471126,212,forward
Logistics_FourthQ,75,95,TRUE,4,0.734952917,212,forward
Logistics_FourthQ,75,95,TRUE,1,7.147467386,350,backward
Logistics_FourthQ,75,95,TRUE,2,7.03300006,350,backward
Logistics_FourthQ,75,95,TRUE,3,6.980728755,350,backward
Logistics_FourthQ,75,95,TRUE,4,6.980948061,350,backward
Logistics_FourthQ,75,95,TRUE,1,16.52429537,212,noncausal
Logistics_FourthQ,75,95,TRUE,2,16.41953265,212,noncausal
Logistics_FourthQ,75,95,TRUE,3,16.415132,212,noncausal
Logistics_FourthQ,75,95,TRUE,4,16.48532943,212,noncausal
Logistics_FourthQ,76,95,FALSE,1,0.796015125,211,forward
Logistics_FourthQ,76,95,FALSE,2,0.737662922,211,forward
Logistics_FourthQ,76,95,FALSE,3,0.73658183,211,forward
Logistics_FourthQ,76,95,FALSE,1,6.957395833,353,backward
Logistics_FourthQ,76,95,FALSE,2,6.981107535,353,backward
Logistics_FourthQ,76,95,FALSE,3,6.956861611,353,backward
Logistics_FourthQ,76,95,FALSE,1,16.30336778,211,noncausal
Logistics_FourthQ,76,95,FALSE,2,16.23378908,211,noncausal
Logistics_FourthQ,76,95,FALSE,3,16.23414272,211,noncausal
Logistics_FourthQ,76,95,TRUE,1,2.417314142,211,forward
Logistics_FourthQ,76,95,TRUE,2,0.735909453,211,forward
Logistics_FourthQ,76,95,TRUE,3,0.730656903,211,forward
Logistics_FourthQ,76,95,TRUE,4,0.729069954,211,forward
Logistics_FourthQ,76,95,TRUE,1,7.042578781,353,backward
Logistics_FourthQ,76,95,TRUE,2,6.969556037,353,backward
Logistics_FourthQ,76,95,TRUE,3,6.969100765,353,backward
Logistics_FourthQ,76,95,TRUE,4,6.976095989,353,backward
Logistics_FourthQ,76,95,TRUE,1,16.29634805,211,noncausal
Logistics_FourthQ,76,95,TRUE,2,16.29097678,211,noncausal
Logistics_FourthQ,76,95,TRUE,3,16.41891697,211,noncausal
Logistics_FourthQ,76,95,TRUE,4,16.23651031,211,noncausal
Logistics_FourthQ,77,95,FALSE,1,0.78686986,202,forward
Logistics_FourthQ,77,95,FALSE,2,0.729066294,202,forward
Logistics_FourthQ,77,95,FALSE,3,0.731071412,202,forward
Logistics_FourthQ,77,95,FALSE,1,6.795942444,352,backward
Logistics_FourthQ,77,95,FALSE,2,6.808954924,352,backward
Logistics_FourthQ,77,95,FALSE,3,6.804850216,352,backward
Logistics_FourthQ,77,95,FALSE,1,15.44165884,202,noncausal
Logistics_FourthQ,77,95,FALSE,2,15.42109322,202,noncausal
Logistics_FourthQ,77,95,FALSE,3,15.40339532,202,noncausal
Logistics_FourthQ,77,95,TRUE,1,2.41904521,202,forward
Logistics_FourthQ,77,95,TRUE,2,0.736730414,202,forward
Logistics_FourthQ,77,95,TRUE,3,0.73124297,202,forward
Logistics_FourthQ,77,95,TRUE,4,0.730498179,202,forward
Logistics_FourthQ,77,95,TRUE,1,6.909698913,352,backward
Logistics_FourthQ,77,95,TRUE,2,6.833933584,352,backward
Logistics_FourthQ,77,95,TRUE,3,6.829415609,352,backward
Logistics_FourthQ,77,95,TRUE,4,6.836158976,352,backward
Logistics_FourthQ,77,95,TRUE,1,15.70810933,202,noncausal
Logistics_FourthQ,77,95,TRUE,2,15.41377282,202,noncausal
Logistics_FourthQ,77,95,TRUE,3,15.39366352,202,noncausal
Logistics_FourthQ,77,95,TRUE,4,15.42815014,202,noncausal
Logistics_FourthQ,78,95,FALSE,1,0.807637785,196,forward
Logistics_FourthQ,78,95,FALSE,2,0.734564735,196,forward
Logistics_FourthQ,78,95,FALSE,3,0.731028658,196,forward
Logistics_FourthQ,78,95,FALSE,1,6.405322361,315,backward
Logistics_FourthQ,78,95,FALSE,2,6.337200225,315,backward
Logistics_FourthQ,78,95,FALSE,3,6.330803179,315,backward
Logistics_FourthQ,78,95,FALSE,1,15.04617473,196,noncausal
Logistics_FourthQ,78,95,FALSE,2,15.1552697,196,noncausal
Logistics_FourthQ,78,95,FALSE,3,15.13113849,196,noncausal
Logistics_FourthQ,78,95,TRUE,1,2.444038858,196,forward
Logistics_FourthQ,78,95,TRUE,2,0.739901913,196,forward
Logistics_FourthQ,78,95,TRUE,3,0.73548613,196,forward
Logistics_FourthQ,78,95,TRUE,4,0.737655818,196,forward
Logistics_FourthQ,78,95,TRUE,1,6.407104266,315,backward
Logistics_FourthQ,78,95,TRUE,2,6.355516116,315,backward
Logistics_FourthQ,78,95,TRUE,3,6.355036108,315,backward
Logistics_FourthQ,78,95,TRUE,4,6.356552107,315,backward
Logistics_FourthQ,78,95,TRUE,1,15.15234557,196,noncausal
Logistics_FourthQ,78,95,TRUE,2,14.94794678,196,noncausal
Logistics_FourthQ,78,95,TRUE,3,14.94315605,196,noncausal
Logistics_FourthQ,78,95,TRUE,4,15.05040836,196,noncausal
Logistics_FourthQ,79,95,FALSE,1,0.795607407,210,forward
Logistics_FourthQ,79,95,FALSE,2,0.739226775,210,forward
Logistics_FourthQ,79,95,FALSE,3,0.792960414,210,forward
Logistics_FourthQ,79,95,FALSE,1,7.017099042,354,backward
Logistics_FourthQ,79,95,FALSE,2,7.018205412,354,backward
Logistics_FourthQ,79,95,FALSE,3,7.013222159,354,backward
Logistics_FourthQ,79,95,FALSE,1,16.25041736,210,noncausal
Logistics_FourthQ,79,95,FALSE,2,16.33953666,210,noncausal
Logistics_FourthQ,79,95,FALSE,3,16.33960804,210,noncausal
Logistics_FourthQ,79,95,TRUE,1,2.485768049,210,forward
Logistics_FourthQ,79,95,TRUE,2,0.754014829,210,forward
Logistics_FourthQ,79,95,TRUE,3,0.747639471,210,forward
Logistics_FourthQ,79,95,TRUE,4,0.748322752,210,forward
Logistics_FourthQ,79,95,TRUE,1,7.092629818,354,backward
Logistics_FourthQ,79,95,TRUE,2,7.041766229,354,backward
Logistics_FourthQ,79,95,TRUE,3,7.045229488,354,backward
Logistics_FourthQ,79,95,TRUE,4,7.035979478,354,backward
Logistics_FourthQ,79,95,TRUE,1,16.30108793,210,noncausal
Logistics_FourthQ,79,95,TRUE,2,16.22495325,210,noncausal
Logistics_FourthQ,79,95,TRUE,3,16.23515069,210,noncausal
Logistics_FourthQ,79,95,TRUE,4,16.2664336,210,noncausal
Logistics_FourthQ,80,95,FALSE,1,0.809128362,206,forward
Logistics_FourthQ,80,95,FALSE,2,0.745875034,206,forward
Logistics_FourthQ,80,95,FALSE,3,0.746868257,206,forward
Logistics_FourthQ,80,95,FALSE,1,6.995735198,346,backward
Logistics_FourthQ,80,95,FALSE,2,6.967301984,346,backward
Logistics_FourthQ,80,95,FALSE,3,6.907303217,346,backward
Logistics_FourthQ,80,95,FALSE,1,15.93621053,206,noncausal
Logistics_FourthQ,80,95,FALSE,2,15.93912919,206,noncausal
Logistics_FourthQ,80,95,FALSE,3,16.10709912,206,noncausal
Logistics_FourthQ,80,95,TRUE,1,2.488916722,206,forward
Logistics_FourthQ,80,95,TRUE,2,0.758167824,206,forward
Logistics_FourthQ,80,95,TRUE,3,0.752334521,206,forward
Logistics_FourthQ,80,95,TRUE,4,0.751996525,206,forward
Logistics_FourthQ,80,95,TRUE,1,7.001015637,346,backward
Logistics_FourthQ,80,95,TRUE,2,6.951902431,346,backward
Logistics_FourthQ,80,95,TRUE,3,6.931184773,346,backward
Logistics_FourthQ,80,95,TRUE,4,6.919478731,346,backward
Logistics_FourthQ,80,95,TRUE,1,16.01765446,206,noncausal
Logistics_FourthQ,80,95,TRUE,2,15.9828689,206,noncausal
Logistics_FourthQ,80,95,TRUE,3,15.95065721,206,noncausal
Logistics_FourthQ,80,95,TRUE,4,15.88343671,206,noncausal
Logistics_FourthQ,81,102,FALSE,1,0.956764899,218,forward
Logistics_FourthQ,81,102,FALSE,2,0.933214537,218,forward
Logistics_FourthQ,81,102,FALSE,3,0.934127609,218,forward
Logistics_FourthQ,81,102,FALSE,1,9.199404352,367,backward
Logistics_FourthQ,81,102,FALSE,2,9.16585384,367,backward
Logistics_FourthQ,81,102,FALSE,3,9.153542585,367,backward
Logistics_FourthQ,81,102,FALSE,1,21.0846674,218,noncausal
Logistics_FourthQ,81,102,FALSE,2,21.11667896,218,noncausal
Logistics_FourthQ,81,102,FALSE,3,21.28707473,218,noncausal
Logistics_FourthQ,81,102,TRUE,1,2.786376584,218,forward
Logistics_FourthQ,81,102,TRUE,2,0.925457928,218,forward
Logistics_FourthQ,81,102,TRUE,3,0.925970665,218,forward
Logistics_FourthQ,81,102,TRUE,4,0.924414494,218,forward
Logistics_FourthQ,81,102,TRUE,1,9.28683255,367,backward
Logistics_FourthQ,81,102,TRUE,2,9.279752651,367,backward
Logistics_FourthQ,81,102,TRUE,3,9.225394166,367,backward
Logistics_FourthQ,81,102,TRUE,4,9.187615861,367,backward
Logistics_FourthQ,81,102,TRUE,1,21.07722401,218,noncausal
Logistics_FourthQ,81,102,TRUE,2,21.30631505,218,noncausal
Logistics_FourthQ,81,102,TRUE,3,21.1677048,218,noncausal
Logistics_FourthQ,81,102,TRUE,4,21.16286016,218,noncausal
Logistics_FourthQ,82,102,FALSE,1,0.990262274,211,forward
Logistics_FourthQ,82,102,FALSE,2,0.930163297,211,forward
Logistics_FourthQ,82,102,FALSE,3,0.928701928,211,forward
Logistics_FourthQ,82,102,FALSE,1,8.661465626,344,backward
Logistics_FourthQ,82,102,FALSE,2,8.853637108,344,backward
Logistics_FourthQ,82,102,FALSE,3,8.665533211,344,backward
Logistics_FourthQ,82,102,FALSE,1,20.40438164,211,noncausal
Logistics_FourthQ,82,102,FALSE,2,20.39816282,211,noncausal
Logistics_FourthQ,82,102,FALSE,3,20.62401769,211,noncausal
Logistics_FourthQ,82,102,TRUE,1,2.665993316,211,forward
Logistics_FourthQ,82,102,TRUE,2,0.941296165,211,forward
Logistics_FourthQ,82,102,TRUE,3,0.937058936,211,forward
Logistics_FourthQ,82,102,TRUE,4,0.937049332,211,forward
Logistics_FourthQ,82,102,TRUE,1,8.798389581,344,backward
Logistics_FourthQ,82,102,TRUE,2,8.72939058,344,backward
Logistics_FourthQ,82,102,TRUE,3,8.712117222,344,backward
Logistics_FourthQ,82,102,TRUE,4,8.713071535,344,backward
Logistics_FourthQ,82,102,TRUE,1,20.38696908,211,noncausal
Logistics_FourthQ,82,102,TRUE,2,20.65858709,211,noncausal
Logistics_FourthQ,82,102,TRUE,3,20.7125117,211,noncausal
Logistics_FourthQ,82,102,TRUE,4,20.56527013,211,noncausal
Logistics_FourthQ,83,102,FALSE,1,0.97136243,224,forward
Logistics_FourthQ,83,102,FALSE,2,0.913535146,224,forward
Logistics_FourthQ,83,102,FALSE,3,0.91517056,224,forward
Logistics_FourthQ,83,102,FALSE,1,9.017344892,365,backward
Logistics_FourthQ,83,102,FALSE,2,9.011996963,365,backward
Logistics_FourthQ,83,102,FALSE,3,9.005470849,365,backward
Logistics_FourthQ,83,102,FALSE,1,21.70406511,224,noncausal
Logistics_FourthQ,83,102,FALSE,2,21.61970637,224,noncausal
Logistics_FourthQ,83,102,FALSE,3,21.65525231,224,noncausal
Logistics_FourthQ,83,102,TRUE,1,2.608754414,224,forward
Logistics_FourthQ,83,102,TRUE,2,0.922146468,224,forward
Logistics_FourthQ,83,102,TRUE,3,0.94887641,224,forward
Logistics_FourthQ,83,102,TRUE,4,0.927588736,224,forward
Logistics_FourthQ,83,102,TRUE,1,9.231972251,365,backward
Logistics_FourthQ,83,102,TRUE,2,9.074875151,365,backward
Logistics_FourthQ,83,102,TRUE,3,9.074085299,365,backward
Logistics_FourthQ,83,102,TRUE,4,9.071128539,365,backward
Logistics_FourthQ,83,102,TRUE,1,21.49562478,224,noncausal
Logistics_FourthQ,83,102,TRUE,2,22.08603585,224,noncausal
Logistics_FourthQ,83,102,TRUE,3,21.95407506,224,noncausal
Logistics_FourthQ,83,102,TRUE,4,21.92363851,224,noncausal
Logistics_FourthQ,84,102,FALSE,1,0.982523265,228,forward
Logistics_FourthQ,84,102,FALSE,2,0.922645778,228,forward
Logistics_FourthQ,84,102,FALSE,3,0.928885001,228,forward
Logistics_FourthQ,84,102,FALSE,1,9.394306123,381,backward
Logistics_FourthQ,84,102,FALSE,2,9.39615849,381,backward
Logistics_FourthQ,84,102,FALSE,3,9.399516414,381,backward
Logistics_FourthQ,84,102,FALSE,1,22.33566482,228,noncausal
Logistics_FourthQ,84,102,FALSE,2,22.26828299,228,noncausal
Logistics_FourthQ,84,102,FALSE,3,22.1835404,228,noncausal
Logistics_FourthQ,84,102,TRUE,1,2.617991367,228,forward
Logistics_FourthQ,84,102,TRUE,2,0.918018687,228,forward
Logistics_FourthQ,84,102,TRUE,3,0.916133027,228,forward
Logistics_FourthQ,84,102,TRUE,4,0.920307065,228,forward
Logistics_FourthQ,84,102,TRUE,1,9.60704385,381,backward
Logistics_FourthQ,84,102,TRUE,2,9.490046109,381,backward
Logistics_FourthQ,84,102,TRUE,3,9.465974492,381,backward
Logistics_FourthQ,84,102,TRUE,4,9.450101769,381,backward
Logistics_FourthQ,84,102,TRUE,1,22.2600926,228,noncausal
Logistics_FourthQ,84,102,TRUE,2,22.48302879,228,noncausal
Logistics_FourthQ,84,102,TRUE,3,22.30585821,228,noncausal
Logistics_FourthQ,84,102,TRUE,4,22.34383419,228,noncausal